time_key,hour,minute,time_label
-1,0,0,UNKNOWN
0,0,0,00:00
1,0,1,00:01
2,0,2,00:02
3,0,3,00:03
5,0,5,00:05
6,0,6,00:06
7,0,7,00:07
8,0,8,00:08
9,0,9,00:09
10,0,10,00:10
11,0,11,00:11
12,0,12,00:12
14,0,14,00:14
15,0,15,00:15
16,0,16,00:16
17,0,17,00:17
18,0,18,00:18
20,0,20,00:20
22,0,22,00:22
23,0,23,00:23
24,0,24,00:24
25,0,25,00:25
28,0,28,00:28
30,0,30,00:30
31,0,31,00:31
32,0,32,00:32
33,0,33,00:33
34,0,34,00:34
35,0,35,00:35
37,0,37,00:37
38,0,38,00:38
39,0,39,00:39
40,0,40,00:40
41,0,41,00:41
42,0,42,00:42
43,0,43,00:43
44,0,44,00:44
45,0,45,00:45
49,0,49,00:49
50,0,50,00:50
51,0,51,00:51
52,0,52,00:52
53,0,53,00:53
55,0,55,00:55
58,0,58,00:58
59,0,59,00:59
100,1,0,01:00
102,1,2,01:02
103,1,3,01:03
104,1,4,01:04
105,1,5,01:05
108,1,8,01:08
110,1,10,01:10
112,1,12,01:12
113,1,13,01:13
114,1,14,01:14
115,1,15,01:15
116,1,16,01:16
118,1,18,01:18
119,1,19,01:19
120,1,20,01:20
123,1,23,01:23
125,1,25,01:25
127,1,27,01:27
128,1,28,01:28
129,1,29,01:29
130,1,30,01:30
132,1,32,01:32
133,1,33,01:33
134,1,34,01:34
135,1,35,01:35
136,1,36,01:36
138,1,38,01:38
139,1,39,01:39
140,1,40,01:40
141,1,41,01:41
143,1,43,01:43
144,1,44,01:44
145,1,45,01:45
146,1,46,01:46
147,1,47,01:47
148,1,48,01:48
150,1,50,01:50
152,1,52,01:52
153,1,53,01:53
155,1,55,01:55
156,1,56,01:56
158,1,58,01:58
200,2,0,02:00
202,2,2,02:02
203,2,3,02:03
205,2,5,02:05
206,2,6,02:06
207,2,7,02:07
209,2,9,02:09
210,2,10,02:10
211,2,11,02:11
213,2,13,02:13
214,2,14,02:14
215,2,15,02:15
216,2,16,02:16
218,2,18,02:18
220,2,20,02:20
224,2,24,02:24
225,2,25,02:25
230,2,30,02:30
232,2,32,02:32
233,2,33,02:33
235,2,35,02:35
238,2,38,02:38
239,2,39,02:39
240,2,40,02:40
243,2,43,02:43
245,2,45,02:45
246,2,46,02:46
248,2,48,02:48
249,2,49,02:49
250,2,50,02:50
251,2,51,02:51
254,2,54,02:54
255,2,55,02:55
257,2,57,02:57
259,2,59,02:59
300,3,0,03:00
303,3,3,03:03
305,3,5,03:05
309,3,9,03:09
310,3,10,03:10
311,3,11,03:11
313,3,13,03:13
315,3,15,03:15
316,3,16,03:16
317,3,17,03:17
320,3,20,03:20
322,3,22,03:22
325,3,25,03:25
328,3,28,03:28
330,3,30,03:30
332,3,32,03:32
333,3,33,03:33
335,3,35,03:35
338,3,38,03:38
339,3,39,03:39
340,3,40,03:40
342,3,42,03:42
343,3,43,03:43
344,3,44,03:44
345,3,45,03:45
349,3,49,03:49
350,3,50,03:50
352,3,52,03:52
355,3,55,03:55
357,3,57,03:57
358,3,58,03:58
400,4,0,04:00
402,4,2,04:02
403,4,3,04:03
404,4,4,04:04
405,4,5,04:05
407,4,7,04:07
408,4,8,04:08
409,4,9,04:09
410,4,10,04:10
411,4,11,04:11
412,4,12,04:12
415,4,15,04:15
417,4,17,04:17
418,4,18,04:18
419,4,19,04:19
420,4,20,04:20
421,4,21,04:21
422,4,22,04:22
423,4,23,04:23
425,4,25,04:25
428,4,28,04:28
430,4,30,04:30
435,4,35,04:35
436,4,36,04:36
437,4,37,04:37
438,4,38,04:38
440,4,40,04:40
441,4,41,04:41
443,4,43,04:43
445,4,45,04:45
447,4,47,04:47
448,4,48,04:48
449,4,49,04:49
450,4,50,04:50
452,4,52,04:52
454,4,54,04:54
455,4,55,04:55
456,4,56,04:56
457,4,57,04:57
458,4,58,04:58
459,4,59,04:59
500,5,0,05:00
501,5,1,05:01
502,5,2,05:02
503,5,3,05:03
504,5,4,05:04
505,5,5,05:05
506,5,6,05:06
507,5,7,05:07
508,5,8,05:08
510,5,10,05:10
513,5,13,05:13
514,5,14,05:14
515,5,15,05:15
516,5,16,05:16
517,5,17,05:17
518,5,18,05:18
519,5,19,05:19
520,5,20,05:20
522,5,22,05:22
523,5,23,05:23
524,5,24,05:24
525,5,25,05:25
526,5,26,05:26
527,5,27,05:27
528,5,28,05:28
529,5,29,05:29
530,5,30,05:30
531,5,31,05:31
532,5,32,05:32
533,5,33,05:33
535,5,35,05:35
536,5,36,05:36
537,5,37,05:37
538,5,38,05:38
539,5,39,05:39
540,5,40,05:40
541,5,41,05:41
542,5,42,05:42
543,5,43,05:43
544,5,44,05:44
545,5,45,05:45
546,5,46,05:46
548,5,48,05:48
549,5,49,05:49
550,5,50,05:50
552,5,52,05:52
554,5,54,05:54
555,5,55,05:55
558,5,58,05:58
559,5,59,05:59
600,6,0,06:00
601,6,1,06:01
602,6,2,06:02
603,6,3,06:03
604,6,4,06:04
605,6,5,06:05
606,6,6,06:06
607,6,7,06:07
608,6,8,06:08
609,6,9,06:09
610,6,10,06:10
611,6,11,06:11
612,6,12,06:12
613,6,13,06:13
614,6,14,06:14
615,6,15,06:15
616,6,16,06:16
617,6,17,06:17
618,6,18,06:18
619,6,19,06:19
620,6,20,06:20
622,6,22,06:22
623,6,23,06:23
624,6,24,06:24
625,6,25,06:25
626,6,26,06:26
627,6,27,06:27
628,6,28,06:28
629,6,29,06:29
630,6,30,06:30
631,6,31,06:31
632,6,32,06:32
633,6,33,06:33
634,6,34,06:34
635,6,35,06:35
636,6,36,06:36
637,6,37,06:37
638,6,38,06:38
639,6,39,06:39
640,6,40,06:40
641,6,41,06:41
642,6,42,06:42
643,6,43,06:43
644,6,44,06:44
645,6,45,06:45
647,6,47,06:47
648,6,48,06:48
649,6,49,06:49
650,6,50,06:50
651,6,51,06:51
652,6,52,06:52
653,6,53,06:53
654,6,54,06:54
655,6,55,06:55
656,6,56,06:56
657,6,57,06:57
658,6,58,06:58
659,6,59,06:59
700,7,0,07:00
701,7,1,07:01
702,7,2,07:02
703,7,3,07:03
704,7,4,07:04
705,7,5,07:05
707,7,7,07:07
708,7,8,07:08
709,7,9,07:09
710,7,10,07:10
712,7,12,07:12
713,7,13,07:13
714,7,14,07:14
715,7,15,07:15
716,7,16,07:16
717,7,17,07:17
718,7,18,07:18
719,7,19,07:19
720,7,20,07:20
721,7,21,07:21
722,7,22,07:22
723,7,23,07:23
724,7,24,07:24
725,7,25,07:25
727,7,27,07:27
728,7,28,07:28
729,7,29,07:29
730,7,30,07:30
731,7,31,07:31
732,7,32,07:32
733,7,33,07:33
734,7,34,07:34
735,7,35,07:35
736,7,36,07:36
737,7,37,07:37
738,7,38,07:38
739,7,39,07:39
740,7,40,07:40
742,7,42,07:42
743,7,43,07:43
744,7,44,07:44
745,7,45,07:45
746,7,46,07:46
747,7,47,07:47
748,7,48,07:48
749,7,49,07:49
750,7,50,07:50
751,7,51,07:51
752,7,52,07:52
753,7,53,07:53
754,7,54,07:54
755,7,55,07:55
756,7,56,07:56
757,7,57,07:57
758,7,58,07:58
759,7,59,07:59
800,8,0,08:00
801,8,1,08:01
802,8,2,08:02
803,8,3,08:03
804,8,4,08:04
805,8,5,08:05
806,8,6,08:06
807,8,7,08:07
808,8,8,08:08
809,8,9,08:09
810,8,10,08:10
812,8,12,08:12
813,8,13,08:13
814,8,14,08:14
815,8,15,08:15
816,8,16,08:16
817,8,17,08:17
818,8,18,08:18
819,8,19,08:19
820,8,20,08:20
821,8,21,08:21
822,8,22,08:22
823,8,23,08:23
824,8,24,08:24
825,8,25,08:25
826,8,26,08:26
827,8,27,08:27
828,8,28,08:28
829,8,29,08:29
830,8,30,08:30
831,8,31,08:31
832,8,32,08:32
833,8,33,08:33
834,8,34,08:34
835,8,35,08:35
836,8,36,08:36
837,8,37,08:37
838,8,38,08:38
839,8,39,08:39
840,8,40,08:40
841,8,41,08:41
842,8,42,08:42
843,8,43,08:43
844,8,44,08:44
845,8,45,08:45
846,8,46,08:46
847,8,47,08:47
848,8,48,08:48
849,8,49,08:49
850,8,50,08:50
851,8,51,08:51
852,8,52,08:52
853,8,53,08:53
854,8,54,08:54
855,8,55,08:55
856,8,56,08:56
857,8,57,08:57
858,8,58,08:58
859,8,59,08:59
900,9,0,09:00
901,9,1,09:01
902,9,2,09:02
903,9,3,09:03
904,9,4,09:04
905,9,5,09:05
906,9,6,09:06
907,9,7,09:07
908,9,8,09:08
909,9,9,09:09
910,9,10,09:10
911,9,11,09:11
912,9,12,09:12
913,9,13,09:13
914,9,14,09:14
915,9,15,09:15
916,9,16,09:16
917,9,17,09:17
918,9,18,09:18
919,9,19,09:19
920,9,20,09:20
921,9,21,09:21
922,9,22,09:22
923,9,23,09:23
924,9,24,09:24
925,9,25,09:25
926,9,26,09:26
927,9,27,09:27
928,9,28,09:28
929,9,29,09:29
930,9,30,09:30
932,9,32,09:32
933,9,33,09:33
934,9,34,09:34
935,9,35,09:35
936,9,36,09:36
937,9,37,09:37
938,9,38,09:38
939,9,39,09:39
940,9,40,09:40
941,9,41,09:41
942,9,42,09:42
943,9,43,09:43
944,9,44,09:44
945,9,45,09:45
946,9,46,09:46
947,9,47,09:47
948,9,48,09:48
949,9,49,09:49
950,9,50,09:50
951,9,51,09:51
952,9,52,09:52
953,9,53,09:53
954,9,54,09:54
955,9,55,09:55
956,9,56,09:56
957,9,57,09:57
958,9,58,09:58
959,9,59,09:59
1000,10,0,10:00
1001,10,1,10:01
1002,10,2,10:02
1003,10,3,10:03
1004,10,4,10:04
1005,10,5,10:05
1006,10,6,10:06
1007,10,7,10:07
1008,10,8,10:08
1009,10,9,10:09
1010,10,10,10:10
1011,10,11,10:11
1012,10,12,10:12
1013,10,13,10:13
1014,10,14,10:14
1015,10,15,10:15
1016,10,16,10:16
1017,10,17,10:17
1018,10,18,10:18
1019,10,19,10:19
1020,10,20,10:20
1021,10,21,10:21
1022,10,22,10:22
1023,10,23,10:23
1024,10,24,10:24
1025,10,25,10:25
1026,10,26,10:26
1027,10,27,10:27
1028,10,28,10:28
1029,10,29,10:29
1030,10,30,10:30
1031,10,31,10:31
1032,10,32,10:32
1033,10,33,10:33
1034,10,34,10:34
1035,10,35,10:35
1036,10,36,10:36
1037,10,37,10:37
1038,10,38,10:38
1039,10,39,10:39
1040,10,40,10:40
1041,10,41,10:41
1042,10,42,10:42
1043,10,43,10:43
1044,10,44,10:44
1045,10,45,10:45
1046,10,46,10:46
1047,10,47,10:47
1048,10,48,10:48
1050,10,50,10:50
1051,10,51,10:51
1052,10,52,10:52
1053,10,53,10:53
1054,10,54,10:54
1055,10,55,10:55
1056,10,56,10:56
1057,10,57,10:57
1058,10,58,10:58
1059,10,59,10:59
1100,11,0,11:00
1101,11,1,11:01
1102,11,2,11:02
1103,11,3,11:03
1104,11,4,11:04
1105,11,5,11:05
1106,11,6,11:06
1107,11,7,11:07
1108,11,8,11:08
1109,11,9,11:09
1110,11,10,11:10
1111,11,11,11:11
1112,11,12,11:12
1113,11,13,11:13
1114,11,14,11:14
1115,11,15,11:15
1116,11,16,11:16
1117,11,17,11:17
1118,11,18,11:18
1119,11,19,11:19
1120,11,20,11:20
1121,11,21,11:21
1122,11,22,11:22
1123,11,23,11:23
1124,11,24,11:24
1125,11,25,11:25
1126,11,26,11:26
1127,11,27,11:27
1128,11,28,11:28
1129,11,29,11:29
1130,11,30,11:30
1131,11,31,11:31
1132,11,32,11:32
1133,11,33,11:33
1134,11,34,11:34
1135,11,35,11:35
1136,11,36,11:36
1137,11,37,11:37
1138,11,38,11:38
1139,11,39,11:39
1140,11,40,11:40
1141,11,41,11:41
1142,11,42,11:42
1143,11,43,11:43
1144,11,44,11:44
1145,11,45,11:45
1146,11,46,11:46
1147,11,47,11:47
1148,11,48,11:48
1149,11,49,11:49
1150,11,50,11:50
1151,11,51,11:51
1152,11,52,11:52
1153,11,53,11:53
1154,11,54,11:54
1155,11,55,11:55
1156,11,56,11:56
1158,11,58,11:58
1159,11,59,11:59
1200,12,0,12:00
1201,12,1,12:01
1202,12,2,12:02
1203,12,3,12:03
1204,12,4,12:04
1205,12,5,12:05
1206,12,6,12:06
1207,12,7,12:07
1208,12,8,12:08
1209,12,9,12:09
1210,12,10,12:10
1211,12,11,12:11
1212,12,12,12:12
1213,12,13,12:13
1214,12,14,12:14
1215,12,15,12:15
1216,12,16,12:16
1217,12,17,12:17
1218,12,18,12:18
1219,12,19,12:19
1220,12,20,12:20
1221,12,21,12:21
1222,12,22,12:22
1223,12,23,12:23
1224,12,24,12:24
1225,12,25,12:25
1226,12,26,12:26
1227,12,27,12:27
1228,12,28,12:28
1229,12,29,12:29
1230,12,30,12:30
1231,12,31,12:31
1232,12,32,12:32
1233,12,33,12:33
1234,12,34,12:34
1235,12,35,12:35
1236,12,36,12:36
1237,12,37,12:37
1238,12,38,12:38
1239,12,39,12:39
1240,12,40,12:40
1241,12,41,12:41
1242,12,42,12:42
1243,12,43,12:43
1244,12,44,12:44
1245,12,45,12:45
1246,12,46,12:46
1247,12,47,12:47
1248,12,48,12:48
1249,12,49,12:49
1250,12,50,12:50
1251,12,51,12:51
1252,12,52,12:52
1253,12,53,12:53
1254,12,54,12:54
1255,12,55,12:55
1256,12,56,12:56
1257,12,57,12:57
1258,12,58,12:58
1259,12,59,12:59
1300,13,0,13:00
1301,13,1,13:01
1302,13,2,13:02
1303,13,3,13:03
1304,13,4,13:04
1305,13,5,13:05
1306,13,6,13:06
1307,13,7,13:07
1308,13,8,13:08
1309,13,9,13:09
1310,13,10,13:10
1311,13,11,13:11
1312,13,12,13:12
1313,13,13,13:13
1314,13,14,13:14
1315,13,15,13:15
1316,13,16,13:16
1317,13,17,13:17
1318,13,18,13:18
1319,13,19,13:19
1320,13,20,13:20
1321,13,21,13:21
1322,13,22,13:22
1323,13,23,13:23
1324,13,24,13:24
1325,13,25,13:25
1326,13,26,13:26
1327,13,27,13:27
1328,13,28,13:28
1329,13,29,13:29
1330,13,30,13:30
1331,13,31,13:31
1332,13,32,13:32
1333,13,33,13:33
1334,13,34,13:34
1335,13,35,13:35
1336,13,36,13:36
1337,13,37,13:37
1338,13,38,13:38
1339,13,39,13:39
1340,13,40,13:40
1341,13,41,13:41
1342,13,42,13:42
1343,13,43,13:43
1344,13,44,13:44
1345,13,45,13:45
1346,13,46,13:46
1347,13,47,13:47
1348,13,48,13:48
1349,13,49,13:49
1350,13,50,13:50
1351,13,51,13:51
1352,13,52,13:52
1353,13,53,13:53
1354,13,54,13:54
1355,13,55,13:55
1356,13,56,13:56
1357,13,57,13:57
1358,13,58,13:58
1400,14,0,14:00
1401,14,1,14:01
1402,14,2,14:02
1403,14,3,14:03
1404,14,4,14:04
1405,14,5,14:05
1406,14,6,14:06
1407,14,7,14:07
1408,14,8,14:08
1409,14,9,14:09
1410,14,10,14:10
1411,14,11,14:11
1412,14,12,14:12
1413,14,13,14:13
1414,14,14,14:14
1415,14,15,14:15
1416,14,16,14:16
1417,14,17,14:17
1418,14,18,14:18
1419,14,19,14:19
1420,14,20,14:20
1421,14,21,14:21
1422,14,22,14:22
1423,14,23,14:23
1424,14,24,14:24
1425,14,25,14:25
1426,14,26,14:26
1427,14,27,14:27
1428,14,28,14:28
1429,14,29,14:29
1430,14,30,14:30
1431,14,31,14:31
1432,14,32,14:32
1433,14,33,14:33
1434,14,34,14:34
1435,14,35,14:35
1436,14,36,14:36
1437,14,37,14:37
1438,14,38,14:38
1439,14,39,14:39
1440,14,40,14:40
1441,14,41,14:41
1442,14,42,14:42
1443,14,43,14:43
1444,14,44,14:44
1445,14,45,14:45
1446,14,46,14:46
1447,14,47,14:47
1448,14,48,14:48
1449,14,49,14:49
1450,14,50,14:50
1451,14,51,14:51
1452,14,52,14:52
1453,14,53,14:53
1454,14,54,14:54
1455,14,55,14:55
1456,14,56,14:56
1457,14,57,14:57
1458,14,58,14:58
1459,14,59,14:59
1500,15,0,15:00
1501,15,1,15:01
1502,15,2,15:02
1503,15,3,15:03
1504,15,4,15:04
1505,15,5,15:05
1506,15,6,15:06
1507,15,7,15:07
1508,15,8,15:08
1509,15,9,15:09
1510,15,10,15:10
1511,15,11,15:11
1512,15,12,15:12
1513,15,13,15:13
1514,15,14,15:14
1515,15,15,15:15
1516,15,16,15:16
1517,15,17,15:17
1518,15,18,15:18
1519,15,19,15:19
1520,15,20,15:20
1521,15,21,15:21
1522,15,22,15:22
1523,15,23,15:23
1524,15,24,15:24
1525,15,25,15:25
1526,15,26,15:26
1527,15,27,15:27
1528,15,28,15:28
1529,15,29,15:29
1530,15,30,15:30
1531,15,31,15:31
1532,15,32,15:32
1533,15,33,15:33
1534,15,34,15:34
1535,15,35,15:35
1536,15,36,15:36
1537,15,37,15:37
1538,15,38,15:38
1539,15,39,15:39
1540,15,40,15:40
1541,15,41,15:41
1542,15,42,15:42
1543,15,43,15:43
1544,15,44,15:44
1545,15,45,15:45
1546,15,46,15:46
1547,15,47,15:47
1548,15,48,15:48
1549,15,49,15:49
1550,15,50,15:50
1551,15,51,15:51
1552,15,52,15:52
1553,15,53,15:53
1554,15,54,15:54
1555,15,55,15:55
1556,15,56,15:56
1557,15,57,15:57
1558,15,58,15:58
1559,15,59,15:59
1600,16,0,16:00
1601,16,1,16:01
1602,16,2,16:02
1603,16,3,16:03
1604,16,4,16:04
1605,16,5,16:05
1606,16,6,16:06
1607,16,7,16:07
1608,16,8,16:08
1609,16,9,16:09
1610,16,10,16:10
1611,16,11,16:11
1612,16,12,16:12
1613,16,13,16:13
1614,16,14,16:14
1615,16,15,16:15
1616,16,16,16:16
1617,16,17,16:17
1618,16,18,16:18
1619,16,19,16:19
1620,16,20,16:20
1621,16,21,16:21
1622,16,22,16:22
1623,16,23,16:23
1624,16,24,16:24
1625,16,25,16:25
1626,16,26,16:26
1627,16,27,16:27
1628,16,28,16:28
1629,16,29,16:29
1630,16,30,16:30
1631,16,31,16:31
1632,16,32,16:32
1633,16,33,16:33
1634,16,34,16:34
1635,16,35,16:35
1636,16,36,16:36
1637,16,37,16:37
1638,16,38,16:38
1639,16,39,16:39
1640,16,40,16:40
1641,16,41,16:41
1642,16,42,16:42
1643,16,43,16:43
1644,16,44,16:44
1645,16,45,16:45
1646,16,46,16:46
1647,16,47,16:47
1648,16,48,16:48
1649,16,49,16:49
1650,16,50,16:50
1651,16,51,16:51
1652,16,52,16:52
1653,16,53,16:53
1654,16,54,16:54
1655,16,55,16:55
1656,16,56,16:56
1657,16,57,16:57
1658,16,58,16:58
1659,16,59,16:59
1700,17,0,17:00
1701,17,1,17:01
1702,17,2,17:02
1703,17,3,17:03
1704,17,4,17:04
1705,17,5,17:05
1706,17,6,17:06
1707,17,7,17:07
1708,17,8,17:08
1709,17,9,17:09
1710,17,10,17:10
1711,17,11,17:11
1712,17,12,17:12
1713,17,13,17:13
1714,17,14,17:14
1715,17,15,17:15
1716,17,16,17:16
1717,17,17,17:17
1718,17,18,17:18
1719,17,19,17:19
1720,17,20,17:20
1721,17,21,17:21
1722,17,22,17:22
1723,17,23,17:23
1724,17,24,17:24
1725,17,25,17:25
1726,17,26,17:26
1727,17,27,17:27
1728,17,28,17:28
1729,17,29,17:29
1730,17,30,17:30
1731,17,31,17:31
1732,17,32,17:32
1733,17,33,17:33
1734,17,34,17:34
1735,17,35,17:35
1736,17,36,17:36
1737,17,37,17:37
1738,17,38,17:38
1739,17,39,17:39
1740,17,40,17:40
1741,17,41,17:41
1742,17,42,17:42
1743,17,43,17:43
1744,17,44,17:44
1745,17,45,17:45
1746,17,46,17:46
1747,17,47,17:47
1748,17,48,17:48
1749,17,49,17:49
1750,17,50,17:50
1751,17,51,17:51
1752,17,52,17:52
1753,17,53,17:53
1754,17,54,17:54
1755,17,55,17:55
1756,17,56,17:56
1757,17,57,17:57
1758,17,58,17:58
1759,17,59,17:59
1800,18,0,18:00
1801,18,1,18:01
1802,18,2,18:02
1803,18,3,18:03
1804,18,4,18:04
1805,18,5,18:05
1806,18,6,18:06
1807,18,7,18:07
1808,18,8,18:08
1809,18,9,18:09
1810,18,10,18:10
1811,18,11,18:11
1812,18,12,18:12
1813,18,13,18:13
1814,18,14,18:14
1815,18,15,18:15
1816,18,16,18:16
1817,18,17,18:17
1818,18,18,18:18
1819,18,19,18:19
1820,18,20,18:20
1821,18,21,18:21
1822,18,22,18:22
1823,18,23,18:23
1824,18,24,18:24
1825,18,25,18:25
1826,18,26,18:26
1827,18,27,18:27
1828,18,28,18:28
1829,18,29,18:29
1830,18,30,18:30
1831,18,31,18:31
1832,18,32,18:32
1833,18,33,18:33
1834,18,34,18:34
1835,18,35,18:35
1836,18,36,18:36
1837,18,37,18:37
1838,18,38,18:38
1839,18,39,18:39
1840,18,40,18:40
1841,18,41,18:41
1842,18,42,18:42
1843,18,43,18:43
1844,18,44,18:44
1845,18,45,18:45
1846,18,46,18:46
1847,18,47,18:47
1848,18,48,18:48
1849,18,49,18:49
1850,18,50,18:50
1851,18,51,18:51
1852,18,52,18:52
1854,18,54,18:54
1855,18,55,18:55
1856,18,56,18:56
1857,18,57,18:57
1858,18,58,18:58
1859,18,59,18:59
1900,19,0,19:00
1901,19,1,19:01
1902,19,2,19:02
1903,19,3,19:03
1904,19,4,19:04
1905,19,5,19:05
1906,19,6,19:06
1907,19,7,19:07
1908,19,8,19:08
1909,19,9,19:09
1910,19,10,19:10
1911,19,11,19:11
1912,19,12,19:12
1913,19,13,19:13
1914,19,14,19:14
1915,19,15,19:15
1916,19,16,19:16
1917,19,17,19:17
1918,19,18,19:18
1919,19,19,19:19
1920,19,20,19:20
1921,19,21,19:21
1922,19,22,19:22
1923,19,23,19:23
1924,19,24,19:24
1925,19,25,19:25
1926,19,26,19:26
1927,19,27,19:27
1928,19,28,19:28
1929,19,29,19:29
1930,19,30,19:30
1931,19,31,19:31
1932,19,32,19:32
1933,19,33,19:33
1934,19,34,19:34
1935,19,35,19:35
1936,19,36,19:36
1937,19,37,19:37
1938,19,38,19:38
1939,19,39,19:39
1940,19,40,19:40
1941,19,41,19:41
1942,19,42,19:42
1943,19,43,19:43
1944,19,44,19:44
1945,19,45,19:45
1946,19,46,19:46
1947,19,47,19:47
1948,19,48,19:48
1949,19,49,19:49
1950,19,50,19:50
1951,19,51,19:51
1952,19,52,19:52
1953,19,53,19:53
1954,19,54,19:54
1955,19,55,19:55
1956,19,56,19:56
1957,19,57,19:57
1958,19,58,19:58
1959,19,59,19:59
2000,20,0,20:00
2001,20,1,20:01
2002,20,2,20:02
2003,20,3,20:03
2004,20,4,20:04
2005,20,5,20:05
2006,20,6,20:06
2007,20,7,20:07
2008,20,8,20:08
2009,20,9,20:09
2010,20,10,20:10
2011,20,11,20:11
2012,20,12,20:12
2013,20,13,20:13
2014,20,14,20:14
2015,20,15,20:15
2016,20,16,20:16
2017,20,17,20:17
2018,20,18,20:18
2019,20,19,20:19
2020,20,20,20:20
2021,20,21,20:21
2022,20,22,20:22
2023,20,23,20:23
2024,20,24,20:24
2025,20,25,20:25
2026,20,26,20:26
2027,20,27,20:27
2028,20,28,20:28
2030,20,30,20:30
2031,20,31,20:31
2032,20,32,20:32
2033,20,33,20:33
2034,20,34,20:34
2035,20,35,20:35
2036,20,36,20:36
2037,20,37,20:37
2038,20,38,20:38
2039,20,39,20:39
2040,20,40,20:40
2042,20,42,20:42
2043,20,43,20:43
2044,20,44,20:44
2045,20,45,20:45
2046,20,46,20:46
2047,20,47,20:47
2049,20,49,20:49
2050,20,50,20:50
2051,20,51,20:51
2052,20,52,20:52
2054,20,54,20:54
2055,20,55,20:55
2056,20,56,20:56
2057,20,57,20:57
2058,20,58,20:58
2059,20,59,20:59
2100,21,0,21:00
2101,21,1,21:01
2102,21,2,21:02
2103,21,3,21:03
2104,21,4,21:04
2105,21,5,21:05
2106,21,6,21:06
2107,21,7,21:07
2108,21,8,21:08
2109,21,9,21:09
2110,21,10,21:10
2111,21,11,21:11
2112,21,12,21:12
2113,21,13,21:13
2114,21,14,21:14
2115,21,15,21:15
2116,21,16,21:16
2117,21,17,21:17
2119,21,19,21:19
2120,21,20,21:20
2121,21,21,21:21
2122,21,22,21:22
2123,21,23,21:23
2124,21,24,21:24
2125,21,25,21:25
2127,21,27,21:27
2128,21,28,21:28
2129,21,29,21:29
2130,21,30,21:30
2131,21,31,21:31
2132,21,32,21:32
2133,21,33,21:33
2135,21,35,21:35
2137,21,37,21:37
2138,21,38,21:38
2139,21,39,21:39
2140,21,40,21:40
2141,21,41,21:41
2142,21,42,21:42
2143,21,43,21:43
2144,21,44,21:44
2145,21,45,21:45
2146,21,46,21:46
2147,21,47,21:47
2148,21,48,21:48
2149,21,49,21:49
2150,21,50,21:50
2151,21,51,21:51
2152,21,52,21:52
2153,21,53,21:53
2155,21,55,21:55
2156,21,56,21:56
2157,21,57,21:57
2158,21,58,21:58
2159,21,59,21:59
2200,22,0,22:00
2202,22,2,22:02
2203,22,3,22:03
2204,22,4,22:04
2205,22,5,22:05
2206,22,6,22:06
2207,22,7,22:07
2210,22,10,22:10
2212,22,12,22:12
2213,22,13,22:13
2214,22,14,22:14
2215,22,15,22:15
2216,22,16,22:16
2217,22,17,22:17
2218,22,18,22:18
2219,22,19,22:19
2220,22,20,22:20
2223,22,23,22:23
2224,22,24,22:24
2225,22,25,22:25
2226,22,26,22:26
2228,22,28,22:28
2229,22,29,22:29
2230,22,30,22:30
2231,22,31,22:31
2232,22,32,22:32
2233,22,33,22:33
2234,22,34,22:34
2235,22,35,22:35
2236,22,36,22:36
2237,22,37,22:37
2239,22,39,22:39
2240,22,40,22:40
2241,22,41,22:41
2242,22,42,22:42
2243,22,43,22:43
2244,22,44,22:44
2245,22,45,22:45
2246,22,46,22:46
2247,22,47,22:47
2248,22,48,22:48
2249,22,49,22:49
2250,22,50,22:50
2251,22,51,22:51
2252,22,52,22:52
2253,22,53,22:53
2254,22,54,22:54
2255,22,55,22:55
2256,22,56,22:56
2257,22,57,22:57
2258,22,58,22:58
2259,22,59,22:59
2300,23,0,23:00
2302,23,2,23:02
2303,23,3,23:03
2304,23,4,23:04
2305,23,5,23:05
2306,23,6,23:06
2307,23,7,23:07
2309,23,9,23:09
2310,23,10,23:10
2311,23,11,23:11
2312,23,12,23:12
2313,23,13,23:13
2314,23,14,23:14
2315,23,15,23:15
2316,23,16,23:16
2317,23,17,23:17
2318,23,18,23:18
2320,23,20,23:20
2321,23,21,23:21
2322,23,22,23:22
2324,23,24,23:24
2325,23,25,23:25
2326,23,26,23:26
2327,23,27,23:27
2328,23,28,23:28
2329,23,29,23:29
2330,23,30,23:30
2331,23,31,23:31
2332,23,32,23:32
2333,23,33,23:33
2334,23,34,23:34
2335,23,35,23:35
2336,23,36,23:36
2337,23,37,23:37
2338,23,38,23:38
2339,23,39,23:39
2340,23,40,23:40
2341,23,41,23:41
2344,23,44,23:44
2345,23,45,23:45
2348,23,48,23:48
2349,23,49,23:49
2350,23,50,23:50
2351,23,51,23:51
2352,23,52,23:52
2353,23,53,23:53
2355,23,55,23:55
2357,23,57,23:57
2359,23,59,23:59
