id,car_2010,truc_2010,car_2011,truc_2011,car_2012,truc_2012,car_2013,truc_2013,car_2014,truc_2014,car_2015,truc_2015,car_2016,truc_2016,car_2017,truc_2017,car_2018,truc_2018,car_2019,truc_2019,car_2020,truc_2020,car_2021,truc_2021,car_2022,truc_2022,car_2023,truc_2023,datum_exportu,ObjectId,Shape__Length,GlobalID
372,2,13,2,13,2,13,2,13,2,13,2,13,2,13,2,12,2,12,2,12,2,12,2,12,2,12,2,12,11/30/2025 12:00:00 AM,1,862.931080533196,a2577823-f13b-4d10-92f7-d8c57cb56d5a
371,6,8,5,8,5,8,4,9,4,9,4,10,4,10,5,7,5,7,6,9,5,9,5,7,5,7,5,10,11/30/2025 12:00:00 AM,2,2032.96670389541,356ac7f4-12c2-4e4e-b3af-0eab0b68d78f
370,6,7,6,7,7,7,7,7,7,7,7,7,8,7,9,8,9,8,9,8,9,8,9,8,9,8,9,8,11/30/2025 12:00:00 AM,3,762.497599489514,8a6f4f04-2102-4564-b822-3189dfa09ced
361,5,10,5,10,6,11,6,11,6,11,6,11,6,11,6,11,7,10,7,10,6,10,6,10,6,10,6,10,11/30/2025 12:00:00 AM,4,1525.87030913546,1e59826a-b222-49e2-abda-d6489351d686
373,3,12,3,12,4,12,4,12,4,12,4,12,4,12,5,11,5,11,5,11,4,11,4,10,4,10,4,10,11/30/2025 12:00:00 AM,5,1506.45058825818,71de2616-7ae5-43d2-8cb5-b8b395357fb0
363,8,10,8,10,10,11,10,11,10,11,10,11,10,11,11,10,12,10,12,10,12,11,12,11,12,11,12,11,11/30/2025 12:00:00 AM,6,836.391868525137,f9840fe8-d64c-477d-a25b-9b2b175f4b53
364,8,8,8,8,8,8,8,8,8,8,8,8,8,8,8,8,9,14,9,14,9,14,9,14,9,14,9,14,11/30/2025 12:00:00 AM,7,914.287508238417,32524062-7a59-4d60-bd35-6f6003f29e01
358,5,8,5,8,5,8,5,8,5,8,5,8,6,9,6,9,6,14,6,14,6,14,6,14,6,14,6,14,11/30/2025 12:00:00 AM,8,410.395817602392,a103ea43-89b0-4b95-897d-c9848aa96a3f
357,8,8,7,7,8,7,7,6,7,6,7,6,7,8,7,9,8,9,8,9,8,9,8,9,8,9,8,9,11/30/2025 12:00:00 AM,9,2599.96197511882,52e1eda4-0b8f-4edd-a450-b2460247b368
365,4,13,4,13,4,13,4,13,4,13,4,13,4,13,4,13,5,18,5,18,5,18,5,18,5,18,5,18,11/30/2025 12:00:00 AM,10,378.442342850742,a1b28a7c-2fb7-4941-ae36-b52d0222f793
367,3,17,3,17,3,17,3,17,3,17,3,17,3,17,3,17,3,20,3,11,3,11,3,11,3,11,3,11,11/30/2025 12:00:00 AM,11,1632.17476571748,cda4ff4e-19e5-4da7-a24b-4f74a14b93c3
366,2,5,2,5,2,5,2,5,2,5,2,5,2,5,2,5,2,10,2,10,2,10,2,10,2,10,2,10,11/30/2025 12:00:00 AM,12,1241.22038358196,029c863e-abfa-4379-9a06-34238e850f14
368,3,15,3,15,3,15,3,15,3,15,3,15,3,15,3,15,3,15,2,10,2,10,2,10,2,10,2,10,11/30/2025 12:00:00 AM,13,171.166851610129,739c4909-ffe3-4c46-9776-2d5d63274df2
354,4,10,4,10,4,10,4,10,4,10,4,10,4,10,4,10,4,12,4,12,4,12,4,12,4,12,4,12,11/30/2025 12:00:00 AM,14,441.61869533847,246eac58-d1ea-449a-b80a-e00d64e5d34e
353,7,7,7,7,8,7,7,6,7,6,7,6,7,7,8,7,9,6,9,6,9,6,9,6,9,6,9,6,11/30/2025 12:00:00 AM,15,1573.60971307481,542a5849-636c-456a-bb0e-1f2d2784bf0d
352,3,10,3,10,3,10,3,10,3,10,3,10,3,12,3,12,4,14,4,14,4,14,4,14,4,14,4,14,11/30/2025 12:00:00 AM,16,1277.58512523653,57b6d00a-55a5-4475-bf3d-199f727a957b
351,5,10,5,10,5,10,5,10,5,10,5,10,5,10,5,10,6,12,6,12,6,12,6,12,6,12,6,12,11/30/2025 12:00:00 AM,17,1574.97112386643,b1115c79-9a19-420a-8a20-5b5f612698da
350,9,8,9,8,9,8,9,8,9,8,9,8,9,8,10,8,10,8,10,8,10,8,10,8,10,8,10,8,11/30/2025 12:00:00 AM,18,303.475201577607,60ae4b90-2ed5-4b53-9dc9-804dda9084ed
348,13,6,13,6,14,6,14,6,15,6,13,6,12,6,12,6,13,6,13,6,13,6,14,6,14,6,14,6,11/30/2025 12:00:00 AM,19,561.776404479905,6a57287e-67b8-4a9f-9781-ad97b4460480
349,22,7,22,7,23,7,23,7,24,7,22,7,22,7,23,7,24,7,24,7,24,7,24,7,24,7,24,7,11/30/2025 12:00:00 AM,20,162.183336747257,2ef70309-ce40-4bb0-9ea1-7cb32e60c6d8
343,11,8,11,8,12,8,12,8,13,8,12,8,11,8,12,8,13,8,13,8,13,8,13,8,13,8,13,8,11/30/2025 12:00:00 AM,21,322.079246980035,165e9a81-a85a-4ae5-9d89-8978bd1aad49
345,22,7,22,7,22,7,22,7,22,7,22,7,22,7,22,7,20,7,20,7,20,7,20,7,20,7,20,7,11/30/2025 12:00:00 AM,22,366.059120458891,ff494328-b671-4a78-8a94-b21d76d9cbf5
344,18,13,18,13,19,13,19,13,20,9,19,9,21,9,24,10,24,10,24,10,24,10,25,10,25,10,26,11,11/30/2025 12:00:00 AM,23,645.225443158097,b2975dff-0a0b-4491-b304-d451aede74de
346,8,9,8,9,8,9,6,7,6,7,6,7,5,7,5,7,5,7,7,5,7,5,7,7,7,7,7,7,11/30/2025 12:00:00 AM,24,735.013790106779,7ade1144-b646-4dce-a719-d07310405218
347,5,5,6,5,6,5,5,5,5,5,5,5,5,5,5,5,5,5,4,4,3,5,3,5,3,5,3,5,11/30/2025 12:00:00 AM,25,276.061852768171,b54cc3e9-0723-4d55-9661-516c6a43a8e1
259,29,10,29,10,30,10,30,10,31,7,31,7,31,7,32,8,33,9,33,9,33,10,34,10,34,10,34,10,11/30/2025 12:00:00 AM,26,1115.31074016866,01e0deff-ada5-4fdd-925a-2930792b64c8
260,7,8,7,8,6,8,5,7,5,7,5,7,5,7,5,7,5,7,5,6,5,6,5,6,5,6,5,6,11/30/2025 12:00:00 AM,27,269.33256805599,3ec311cf-cb85-470c-8e4c-601f26c8dc5d
251,30,10,31,10,34,10,33,6,34,6,33,5,34,5,35,7,36,9,36,9,35,10,36,10,35,10,35,10,11/30/2025 12:00:00 AM,28,1561.58139550506,6a78c520-4e58-4d90-804b-13ecf962579a
252,20,6,20,6,17,6,10,10,10,10,10,8,10,8,10,8,9,9,9,9,9,9,9,9,10,12,10,12,11/30/2025 12:00:00 AM,29,325.528202517022,6befb14e-bfc1-4ae0-804b-de6e6cca8143
323,14,7,14,7,15,7,10,6,10,6,9,6,9,6,10,6,10,6,10,6,11,9,11,9,10,13,10,13,11/30/2025 12:00:00 AM,30,788.334456039137,fb3cfd26-dc02-4862-95b6-8f781381659b
322,8,6,9,6,9,6,6,5,6,5,6,5,5,5,5,5,5,5,5,5,5,5,6,5,5,10,5,10,11/30/2025 12:00:00 AM,31,1424.47237076592,a8f317ed-8785-47ae-995d-17e2b0cf9fcb
335,3,7,3,7,4,7,4,7,4,7,4,7,4,7,4,7,4,7,4,7,4,7,4,7,4,7,4,7,11/30/2025 12:00:00 AM,32,1265.89720198559,606a6221-d7c4-454d-a277-a500c917e807
336,15,6,15,6,16,5,11,5,11,5,10,5,11,8,11,8,11,8,11,8,11,8,11,8,11,8,11,8,11/30/2025 12:00:00 AM,33,344.289985569422,aeafdfee-9458-4d4e-a8ec-de81e0659945
340,20,10,21,10,21,10,20,10,21,10,18,10,18,10,18,10,17,10,17,10,16,10,16,10,16,10,16,10,11/30/2025 12:00:00 AM,34,923.259780978615,e76f38fe-e8a7-4184-af74-2f762cae4c60
341,16,12,16,12,17,12,14,11,14,11,13,13,13,13,14,13,14,13,14,13,13,13,13,13,12,13,12,13,11/30/2025 12:00:00 AM,35,321.230822847956,61eb4038-a603-4358-91c9-22398bd47736
57,10,12,10,12,10,12,10,12,10,12,10,12,10,12,10,12,10,12,10,12,10,12,10,12,9,13,9,13,11/30/2025 12:00:00 AM,36,313.145468916831,9536e5d2-9c12-4087-8590-0f0fda3eee50
342,17,10,17,10,18,10,15,9,15,9,13,10,13,9,13,9,12,9,12,9,12,9,12,9,12,9,12,9,11/30/2025 12:00:00 AM,37,311.594392324427,358d8b1c-4444-4daf-b960-75e69cd1ebc1
337,21,6,21,6,22,5,17,5,18,5,16,5,17,8,17,8,16,9,16,9,16,9,15,9,15,9,15,9,11/30/2025 12:00:00 AM,38,343.671534934493,e8dc697c-663d-4f65-ac1f-62623fe65e7a
338,7,11,6,11,6,11,5,10,5,10,5,10,5,10,6,10,6,10,5,10,4,10,4,10,3,12,3,12,11/30/2025 12:00:00 AM,39,565.54440705347,fb7b8472-c102-46db-a41d-3dd5c6e355d3
339,7,4,8,4,8,4,6,4,6,4,5,5,5,5,6,6,6,6,5,6,5,6,5,6,5,6,5,6,11/30/2025 12:00:00 AM,40,334.818599800146,d599be17-cc92-43b9-ac25-e8442dafbf82
53,16,6,15,6,15,6,12,6,12,6,11,6,11,6,12,6,12,6,11,7,11,7,11,7,11,7,11,7,11/30/2025 12:00:00 AM,41,396.695863107623,09881c22-1067-49c5-99bf-4ad5d7cbe232
54,14,8,14,8,15,8,12,7,12,7,12,7,12,7,14,12,14,12,14,12,14,12,14,12,15,10,15,10,11/30/2025 12:00:00 AM,42,214.507933670394,bdc84170-3055-4c10-998d-72a3f79846a4
383,10,6,9,6,8,6,9,6,10,6,10,6,1,6,11,6,11,6,11,6,11,6,11,6,11,11,11,11,11/30/2025 12:00:00 AM,43,364.127555149059,0ff5f34b-7ea3-416e-8077-06fec3dd3442
330,4,9,4,9,4,9,4,9,4,9,4,9,5,9,7,12,7,12,7,12,7,12,8,11,8,11,8,11,11/30/2025 12:00:00 AM,44,1870.89809935425,5796792d-89c2-4429-b1aa-4dd479f9c291
410,2,15,2,15,2,15,2,15,2,15,2,15,2,15,3,12,3,12,3,12,3,12,3,12,3,12,3,12,11/30/2025 12:00:00 AM,45,4545.96109518084,07ab1287-d71c-43bf-b787-d437c5a775b0
409,4,7,4,9,4,9,4,9,4,9,4,13,4,13,4,11,4,11,4,10,4,10,4,7,5,10,4,9,11/30/2025 12:00:00 AM,46,2490.85851766839,f5841cb3-1963-4316-b066-ea687ebb7f8f
407,3,9,3,9,4,9,4,9,4,9,4,9,4,9,4,9,4,9,4,9,4,9,4,9,4,12,4,12,11/30/2025 12:00:00 AM,47,1999.51663459072,01c1b625-5961-4456-bef7-0bfb38e804fd
405,5,10,5,10,5,10,5,10,5,10,5,10,5,10,5,10,5,10,5,10,5,10,5,10,6,11,6,11,11/30/2025 12:00:00 AM,48,1599.11522985881,9e82be15-8531-4a20-a049-8bb552ecf7ac
402,8,8,8,8,8,8,8,8,8,8,7,8,8,8,8,8,8,8,8,8,8,8,8,8,10,11,10,11,11/30/2025 12:00:00 AM,49,395.665591730546,eaf80bfc-5d3d-4524-82f2-a812f6d8153e
403,5,13,5,13,5,13,5,13,5,13,5,13,5,15,5,15,5,15,5,15,5,15,5,15,6,16,6,16,11/30/2025 12:00:00 AM,50,1150.00497636931,a3eda99b-27d6-4658-b1ea-bff1ed91fe5c
404,8,9,8,9,8,9,8,9,8,9,8,9,8,9,8,9,8,9,8,9,8,9,8,9,10,10,10,10,11/30/2025 12:00:00 AM,51,888.894444247316,f2b4edcc-70cc-4b83-83f2-169614d82981
406,10,8,10,8,9,8,9,8,9,8,9,8,11,6,11,6,11,6,11,6,11,6,11,6,11,12,11,12,11/30/2025 12:00:00 AM,52,640.778124491032,13833c8f-aace-4104-8808-fa0a2f556622
399,11,9,11,9,10,9,10,9,11,10,11,10,10,9,10,9,10,9,10,9,10,9,10,9,10,13,10,13,11/30/2025 12:00:00 AM,53,411.451074864002,cddfc2bb-3e92-4545-91ac-62e4a8336464
400,10,9,10,10,9,10,9,10,10,9,9,9,9,9,10,9,10,9,10,9,10,9,10,9,10,13,10,13,11/30/2025 12:00:00 AM,54,665.163750383566,55b8bc0b-4a77-47cf-a8ee-b37d2e2aa808
401,8,10,8,10,8,10,8,10,8,10,8,10,9,10,9,10,9,10,9,10,9,10,9,10,10,12,10,12,11/30/2025 12:00:00 AM,55,2216.78568993628,e51a0d75-06bd-4eea-b275-69a67b5c33dd
334,6,10,6,10,6,10,6,10,6,10,6,10,6,8,6,8,6,8,6,8,6,8,6,8,6,11,6,11,11/30/2025 12:00:00 AM,56,394.72087288631,4855ec76-9b5d-4306-94e2-b5a9e0a1b9ea
333,5,10,5,10,5,10,4,8,4,8,4,8,6,8,7,13,7,13,7,13,7,13,7,13,7,15,7,15,11/30/2025 12:00:00 AM,57,294.050642046899,052ce84f-62e4-48d1-8b76-0e0a5e2ab6dc
385,8,7,8,7,8,7,7,6,7,6,7,6,7,6,7,10,7,10,7,10,7,10,7,10,7,10,7,12,11/30/2025 12:00:00 AM,58,385.307115451549,ea972f1c-191f-4f51-8b2e-5a47c6f9e6c7
384,6,6,6,6,6,6,6,6,6,6,6,6,6,6,6,8,6,8,6,8,6,8,6,8,6,8,6,11,11/30/2025 12:00:00 AM,59,182.759535868415,477e4e60-cf8c-4d0b-82e0-7b71acd54bfe
379,12,10,13,11,12,11,12,11,12,11,12,11,12,11,13,12,13,12,13,12,13,12,13,12,13,12,13,12,11/30/2025 12:00:00 AM,60,446.854665066665,6eb6e162-d6e9-42e2-b705-56deaa95ebfc
331,9,10,9,10,10,10,8,8,8,8,8,8,8,8,8,14,8,14,8,14,8,14,8,14,8,14,8,14,11/30/2025 12:00:00 AM,61,1541.80519484791,16dea358-9081-40cb-92e6-2a79f05aee91
332,9,10,9,10,10,10,8,8,8,8,8,8,8,10,8,12,8,12,8,12,8,12,8,12,9,15,9,15,11/30/2025 12:00:00 AM,62,604.578235543319,ba072737-249e-4615-ae4c-3d831dc51e49
388,4,6,4,6,4,6,4,6,4,6,4,6,4,6,6,9,6,9,6,9,6,9,6,9,6,9,7,11,11/30/2025 12:00:00 AM,63,325.040316346747,18cfe2ce-d7b2-4f7f-b750-4eab07dbd459
382,12,6,12,6,11,6,10,6,10,6,11,5,11,5,14,7,14,7,14,7,14,7,14,7,14,7,14,7,11/30/2025 12:00:00 AM,64,486.945280929892,239f5864-12c3-4ee7-88cc-d0aded5338ec
307,11,5,11,5,10,5,9,5,9,5,11,5,11,5,11,5,11,5,11,5,11,5,11,5,11,5,12,7,11/30/2025 12:00:00 AM,65,1216.45671028575,a6308916-8f03-4a58-81ce-39e62eed1ac2
308,14,5,15,5,14,5,12,5,12,5,13,10,13,10,13,10,13,10,13,10,13,10,12,10,12,10,12,10,11/30/2025 12:00:00 AM,66,646.690103472228,afea613c-694f-4dfa-8e80-2e646c0ff419
378,13,6,14,5,13,5,11,5,11,5,11,5,11,5,11,5,11,5,11,5,11,5,9,8,9,8,9,8,11/30/2025 12:00:00 AM,67,445.811995668619,1fc0cd97-5f28-4bc8-b0c5-41dc32b13518
376,17,10,17,9,17,9,17,9,17,9,17,9,16,9,17,9,16,9,16,9,16,9,15,11,15,11,15,11,11/30/2025 12:00:00 AM,68,848.849833723976,ea4dbf0f-cbf1-435d-b95e-50cad64a44b6
377,13,11,11,11,10,10,10,10,11,10,11,10,11,10,10,10,9,10,9,10,9,10,8,13,8,13,8,13,11/30/2025 12:00:00 AM,69,840.213973023416,0a829389-072b-47d2-a755-047184797863
381,33,9,33,11,33,11,39,10,40,10,42,10,42,10,42,10,43,11,43,11,43,13,44,12,44,12,44,12,11/30/2025 12:00:00 AM,70,1047.47358639354,9af86953-5e49-42dc-a4ff-071b133c8dcd
380,33,9,33,9,33,9,42,10,43,10,46,10,46,10,47,10,48,12,48,12,48,12,49,12,49,12,49,12,11/30/2025 12:00:00 AM,71,595.254233247048,4477f829-9184-4f46-8110-c825ff8b12f0
387,27,9,27,9,27,9,35,8,36,11,39,9,40,9,46,10,47,12,47,12,47,12,48,12,48,12,48,12,11/30/2025 12:00:00 AM,72,667.52200153423,158346bd-ff52-48be-a556-c295cabe8c45
329,26,9,26,9,26,9,35,8,36,11,42,8,43,8,45,12,50,13,50,13,50,13,51,12,52,13,52,13,11/30/2025 12:00:00 AM,73,1726.97244533203,2172a595-a8c6-4d55-af6e-e43b1c017fef
56,0,0,0,0,0,0,48,9,49,10,50,10,51,10,52,11,54,15,54,15,53,15,54,14,56,15,56,15,11/30/2025 12:00:00 AM,74,1015.33943985465,250d2bc6-676a-46a2-a767-b1ed7951e2f9
320,22,6,22,5,22,5,23,5,23,5,23,4,25,5,26,6,26,8,26,8,24,7,24,7,26,7,26,7,11/30/2025 12:00:00 AM,75,792.538893769631,f48bf6cd-a525-4594-b8bc-9073d8fe2333
319,10,6,9,7,9,7,9,7,9,7,9,7,9,7,10,7,10,7,10,7,9,8,9,8,9,8,9,8,11/30/2025 12:00:00 AM,76,490.080327195018,5024bcd8-ec13-41aa-9179-ca62ed8463a8
306,23,6,24,6,23,6,22,5,22,5,22,5,24,5,24,5,24,5,24,5,23,6,23,6,24,6,24,6,11/30/2025 12:00:00 AM,77,1337.95863281515,2faa1642-df03-4fc3-9c49-78d60dedc55d
305,22,5,22,5,20,5,17,5,16,5,18,7,17,7,18,7,18,7,18,7,18,7,17,9,17,9,17,9,11/30/2025 12:00:00 AM,78,1136.91659747155,a5b712f2-b0b1-4d40-ac5f-cdaf04f227ff
91,22,4,22,4,22,4,23,5,23,5,23,5,24,5,24,5,24,5,24,5,24,5,24,5,24,5,24,5,11/30/2025 12:00:00 AM,79,901.21220341407,2b9bb865-8d1c-49b7-921f-cdb9f6d301c2
90,22,4,22,4,22,4,22,4,22,4,22,4,22,4,22,4,22,4,22,4,22,4,22,4,22,4,22,4,11/30/2025 12:00:00 AM,80,544.339921644364,745b4f03-ba01-4926-9dc2-f926f6c048b5
76,16,6,17,5,17,5,16,5,16,5,16,5,14,7,14,7,14,7,14,7,14,7,14,7,12,11,12,11,11/30/2025 12:00:00 AM,81,177.540769380808,dd5cb410-e043-4b50-ac73-2d5ceae601e2
82,13,5,13,5,13,5,12,5,11,5,11,5,10,7,10,7,10,7,10,7,10,6,10,6,10,8,10,8,11/30/2025 12:00:00 AM,82,658.725583375348,c5d91137-9b2a-4f18-9af5-29e9d92a7810
79,6,4,6,4,6,4,5,4,5,4,5,4,6,6,6,6,6,6,6,6,5,5,5,5,5,7,5,7,11/30/2025 12:00:00 AM,83,316.299436792897,2c8599ce-240a-48f3-97e3-18db05f69c00
386,3,5,3,5,3,5,3,5,3,5,3,5,3,5,3,5,3,5,2,4,2,4,2,4,3,7,3,7,11/30/2025 12:00:00 AM,84,869.426768221337,fb996092-3e58-43c9-8822-89b9e4b91c38
309,1,5,1,5,1,5,1,5,1,5,1,13,1,13,1,13,1,13,1,60,1,60,1,60,1,60,1,60,11/30/2025 12:00:00 AM,85,394.112884805558,518e0833-a36c-4a6b-b726-48c5184fc5a0
375,3,4,3,4,3,4,3,4,3,4,3,4,3,4,3,4,3,4,3,4,3,4,3,8,2,8,2,8,11/30/2025 12:00:00 AM,86,793.499909911621,ff71256f-e7db-4bf3-89c1-49b50131fab3
261,7,8,8,9,8,9,7,8,8,8,10,9,10,9,10,9,10,5,10,5,10,5,10,5,11,8,12,9,11/30/2025 12:00:00 AM,87,1748.92725086757,d6d475d1-a600-4edd-8fb2-a10dfa824587
374,4,4,5,4,5,4,4,4,4,4,4,4,4,4,4,4,4,4,4,4,4,4,4,10,3,10,3,10,11/30/2025 12:00:00 AM,88,581.004808839424,5bfcfcb6-e53f-4783-bf27-3c6ae7abbbf6
80,9,4,10,4,10,4,10,4,10,4,10,4,9,8,9,8,9,8,9,8,9,6,10,8,10,8,10,8,11/30/2025 12:00:00 AM,89,1861.18832565333,ed7679fb-b878-4a02-b242-9df92d0a96aa
81,17,4,17,4,18,4,16,4,15,4,15,4,14,7,14,7,14,7,14,7,14,5,14,5,13,10,13,10,11/30/2025 12:00:00 AM,90,269.07870486453,587ca26d-68a8-4e51-849e-24f3ca6ffb88
83,8,10,8,10,8,10,6,8,6,8,6,8,6,9,6,9,6,9,6,9,6,9,6,5,6,5,6,5,11/30/2025 12:00:00 AM,91,1863.48725825404,d99d92f3-1b32-4edf-8462-664da7cc3df2
391,9,6,9,6,9,6,8,6,8,6,8,6,8,6,8,6,8,6,8,6,8,6,9,5,9,5,9,5,11/30/2025 12:00:00 AM,92,578.013913548095,59ccf414-e01d-435e-8732-69b390f7c616
84,19,5,19,5,19,5,15,5,14,5,14,5,13,9,13,9,13,9,13,9,13,9,13,9,13,12,13,12,11/30/2025 12:00:00 AM,93,248.473012562049,1161d5d9-42de-40a8-a3f9-c642fc9361f8
85,20,5,20,5,20,5,19,5,18,5,17,5,16,5,17,6,17,6,17,6,16,6,16,10,16,12,17,9,11/30/2025 12:00:00 AM,94,842.401038405149,817f1f6c-495c-452c-9a25-bb720fc164a1
434,19,7,18,6,18,6,17,6,16,6,15,6,14,6,15,7,15,7,15,7,15,7,14,10,15,10,16,8,11/30/2025 12:00:00 AM,95,584.90048921143,4029442c-6824-49d3-b996-f71947875a9b
438,7,8,6,9,6,9,6,9,6,9,6,9,6,9,6,9,6,9,6,9,6,9,8,8,8,8,8,8,11/30/2025 12:00:00 AM,96,446.625783037007,052e5516-61d6-4c14-ade6-03c603ea2827
439,2,3,2,4,2,4,2,4,2,4,2,4,2,4,2,4,2,4,2,4,2,4,2,2,2,2,2,2,11/30/2025 12:00:00 AM,97,186.023433631887,9b063468-c635-496f-b234-d902e601bd56
432,21,10,21,9,20,9,18,11,17,11,17,12,17,12,17,12,17,12,17,12,16,14,16,14,18,13,18,13,11/30/2025 12:00:00 AM,98,601.272692515185,78d1eee5-5b4c-4909-b4a7-4839799d70e6
430,44,10,43,10,42,10,40,12,38,12,39,14,38,12,39,12,40,12,40,12,42,15,42,15,42,15,42,15,11/30/2025 12:00:00 AM,99,697.850971501903,088496e0-1d7a-4a33-b8c3-b31bcb586080
433,21,8,21,8,21,8,21,8,20,10,20,10,20,8,20,8,21,8,21,8,21,8,21,8,21,8,21,8,11/30/2025 12:00:00 AM,100,418.263682695274,e9f1114d-82dc-407d-9423-f0763bd39728
436,5,13,5,13,6,16,6,16,6,16,6,16,6,16,6,16,6,16,6,16,6,16,6,16,5,15,5,15,11/30/2025 12:00:00 AM,101,276.817053048367,83f31211-18bf-409f-accb-6ef5481c1275
397,3,9,3,9,3,12,3,12,3,12,3,12,3,12,3,12,3,12,3,12,3,12,3,12,1,10,1,10,11/30/2025 12:00:00 AM,102,345.439453878306,642cac09-5e7a-483f-85f9-99e7a5979259
396,47,10,46,11,46,11,45,11,44,12,46,12,45,11,46,11,48,11,48,11,49,15,49,15,49,15,49,15,11/30/2025 12:00:00 AM,103,538.099823456595,e33a8202-a1b6-448f-9674-18efcf5e7655
394,47,10,46,11,46,11,46,11,45,12,48,11,47,11,49,12,51,11,51,11,52,15,52,15,52,15,52,15,11/30/2025 12:00:00 AM,104,503.053425290618,0c773ed5-69d0-4848-af9c-318aeaaab73a
390,41,9,40,10,40,10,43,10,43,10,44,11,44,11,45,12,47,11,47,11,48,13,48,13,48,13,48,13,11/30/2025 12:00:00 AM,105,844.164417778477,d7107b8e-6166-4dfc-91de-15acbc46a35e
392,45,9,43,11,43,11,47,11,47,10,49,9,49,9,50,10,52,11,52,11,52,12,52,12,52,12,52,12,11/30/2025 12:00:00 AM,106,292.882854148465,cc40407c-97f6-4ad9-9c30-4f2992c90e1d
503,11,16,11,16,11,16,13,18,14,22,14,23,14,23,14,23,14,18,14,18,13,18,13,18,14,20,14,20,11/30/2025 12:00:00 AM,107,219.814340918806,229a438b-98f4-491e-a21a-9afe37cabdae
389,9,6,9,6,8,6,8,6,9,6,9,6,9,6,9,6,9,6,10,10,10,10,10,10,10,10,10,10,11/30/2025 12:00:00 AM,108,987.647682333608,95d5d8d3-89c4-4742-a360-ba9adf3e1d41
393,8,14,8,14,7,13,7,13,8,12,8,12,8,12,9,14,9,14,8,13,8,13,8,13,8,13,8,13,11/30/2025 12:00:00 AM,109,653.696774308729,1a5e9033-46c9-4864-b5f9-928cca645f5b
464,10,10,10,10,11,10,11,10,11,10,11,10,10,10,11,10,12,11,12,11,12,11,12,11,12,11,13,10,11/30/2025 12:00:00 AM,110,486.569002596743,8604e644-b6be-4595-bb09-f522c479c4ea
437,6,14,6,14,6,17,6,17,6,17,6,17,6,17,6,17,6,17,6,17,6,17,6,17,4,15,4,15,11/30/2025 12:00:00 AM,111,2581.37049449904,3b7d9616-3d9e-4975-9ca7-99c071764c89
395,13,10,12,10,13,10,13,10,15,10,15,10,15,10,16,10,17,10,16,11,16,11,16,10,16,12,16,12,11/30/2025 12:00:00 AM,112,863.716291550284,3dc71760-9299-4ff1-9ed1-dfe8ab2c7b39
398,10,10,10,10,11,10,11,10,12,10,12,11,12,11,13,11,13,11,12,10,12,10,13,10,13,10,12,12,11/30/2025 12:00:00 AM,113,633.233878606853,b502b5a7-6872-4c7f-9792-2ac85ce967c1
408,6,7,6,7,7,7,6,10,6,10,7,12,7,12,7,10,7,10,7,10,7,10,6,10,6,10,7,13,11/30/2025 12:00:00 AM,114,2816.27727298632,11af113e-dc13-41bb-a771-2351a5e322b0
435,21,6,21,6,21,6,21,6,20,8,20,8,20,8,20,8,20,8,20,8,20,8,20,8,20,10,20,10,11/30/2025 12:00:00 AM,115,2127.84671918775,bee7b97a-26e2-44f0-b418-ef68ed575008
456,21,6,21,6,20,6,20,6,20,6,20,6,20,6,20,6,20,6,20,6,20,6,20,6,20,8,20,8,11/30/2025 12:00:00 AM,116,288.381769870408,f2256f3c-c98a-4a30-b837-f13f7492bb59
455,2,4,2,4,2,4,2,4,2,4,2,4,2,4,2,4,2,4,2,4,2,4,2,4,2,4,2,4,11/30/2025 12:00:00 AM,117,1852.64764930695,9f625982-3ba1-4fcf-8719-b5d0a470bef7
454,20,6,20,6,20,6,20,6,20,6,20,6,20,6,21,6,21,6,21,6,21,6,21,6,21,8,21,8,11/30/2025 12:00:00 AM,118,306.865114441887,ac7098db-a15a-4625-b4ef-59990a7f367b
457,6,7,6,7,6,7,6,7,6,7,6,5,6,5,6,5,6,5,6,5,6,5,6,5,6,5,6,5,11/30/2025 12:00:00 AM,119,313.877137850194,6aac0c53-b37d-46a9-bdb0-b1e7cf7c512c
448,5,5,5,5,6,5,6,5,6,5,6,5,6,5,6,5,6,5,6,5,6,5,6,5,6,5,6,5,11/30/2025 12:00:00 AM,120,1766.57731016932,3682edb9-6c8c-411d-8f14-ee20f233bda8
447,10,10,10,10,11,10,11,10,12,10,11,10,12,10,12,11,11,13,11,13,11,13,12,12,13,12,13,12,11/30/2025 12:00:00 AM,121,297.347591207322,6b644608-169e-4445-9ceb-5b9fc6070931
452,20,6,20,6,21,6,20,6,20,6,20,6,20,6,21,7,21,7,21,7,21,7,21,7,21,7,21,7,11/30/2025 12:00:00 AM,122,507.885677666532,62f02769-0f74-4518-adba-523542495197
449,21,9,21,9,22,9,22,9,22,9,21,9,21,9,22,10,22,12,22,12,22,12,22,12,22,12,22,12,11/30/2025 12:00:00 AM,123,717.909128721305,b24573a4-61bb-48e1-8dab-e7ef3859d659
427,10,9,10,9,10,9,10,9,10,9,9,9,9,9,9,12,8,10,8,10,8,10,9,10,10,10,11,10,11/30/2025 12:00:00 AM,124,1776.84128043443,84ce6161-bc51-4295-85aa-9c7645787a74
431,47,11,45,11,44,12,42,13,42,13,44,14,44,14,45,13,46,12,46,12,46,16,45,16,47,15,47,15,11/30/2025 12:00:00 AM,125,749.550119649998,252228c3-3ee7-41af-b19f-fcae7510132f
424,41,11,40,11,39,11,37,10,37,10,38,10,38,10,39,11,40,11,40,11,40,15,39,15,40,10,40,10,11/30/2025 12:00:00 AM,126,452.339526438519,1af7449d-f25b-4ce2-b620-d7c1da6974c1
425,11,12,11,12,11,12,11,12,11,12,10,11,10,11,10,11,10,13,10,13,10,13,10,13,11,15,12,14,11/30/2025 12:00:00 AM,127,463.169993651377,cb95eb0f-9839-4bd3-b675-0c4aab4db1a5
153,18,6,17,7,19,7,17,6,18,6,19,8,20,8,20,8,20,8,20,8,20,8,20,8,19,7,21,9,11/30/2025 12:00:00 AM,128,219.581446392309,49c181dc-c81b-4fa8-90ba-179df643ff22
429,6,6,5,7,5,7,5,7,5,7,6,7,6,7,6,7,5,3,5,3,5,3,5,8,5,8,5,8,11/30/2025 12:00:00 AM,129,662.4597287366,b153562b-1321-4dba-b67b-b41d8ef592d1
419,8,5,8,5,9,5,8,5,8,7,8,7,8,7,8,7,9,10,9,10,9,10,9,10,10,13,10,13,11/30/2025 12:00:00 AM,130,1415.75539492445,bced8f2a-78a2-4460-a67f-6e110510a5ec
420,6,10,6,10,6,10,6,10,5,10,5,10,5,10,5,10,5,10,5,10,5,10,6,12,6,12,6,12,11/30/2025 12:00:00 AM,131,1669.56088453299,9c44843c-f8a2-4eed-8d37-c83bc03fc46e
451,12,8,12,8,13,9,13,9,13,9,13,9,12,9,13,10,13,10,13,10,13,10,13,10,13,10,14,10,11/30/2025 12:00:00 AM,132,1802.45933056701,2edc0bf8-004b-47df-a572-9b8ecfe77352
463,6,11,6,11,6,11,6,11,6,11,7,14,7,14,7,15,7,11,7,11,7,11,8,11,8,11,9,10,11/30/2025 12:00:00 AM,133,2696.68735577789,a1c599bf-a44b-42e3-91c8-9e7fe826043c
465,5,10,5,10,5,10,5,10,5,10,6,10,6,10,6,10,6,10,6,10,6,10,7,13,7,13,7,13,11/30/2025 12:00:00 AM,134,1098.41146594041,d5bb2f63-3ab3-477e-935c-75114b6b04c7
466,2,8,2,10,2,10,2,10,2,10,2,10,2,10,2,10,2,10,3,10,3,10,3,12,3,12,3,15,11/30/2025 12:00:00 AM,135,1835.83215984457,4e49f6af-6b08-4145-b642-32ea77393e7c
469,4,10,4,10,4,10,4,10,4,10,4,10,4,10,4,10,4,10,5,14,6,14,6,13,6,13,6,13,11/30/2025 12:00:00 AM,136,2082.58146213458,92cf49eb-63cc-4713-ba73-34ba7d6c5fad
461,6,9,6,9,7,11,7,11,7,9,7,9,7,9,7,9,7,9,7,12,7,12,7,12,7,12,7,11,11/30/2025 12:00:00 AM,137,919.816166993573,670d5387-5869-46d0-b159-cea79f94c09f
460,5,10,5,12,6,12,6,12,7,11,7,11,7,11,7,11,7,11,7,11,7,11,7,11,7,11,7,11,11/30/2025 12:00:00 AM,138,1889.50069375848,dd040099-a0d6-451e-8bea-9bd3e7851240
470,4,9,4,9,4,9,4,9,4,9,4,9,4,9,4,9,4,9,4,12,4,12,2,12,4,12,4,12,11/30/2025 12:00:00 AM,139,2476.51827281155,01a539cd-ac84-4edb-8960-6fdd21518b74
450,17,9,17,9,17,9,17,9,17,9,17,9,17,11,19,12,18,14,18,14,18,14,19,13,19,13,19,13,11/30/2025 12:00:00 AM,140,286.259030637638,6801184c-d177-464e-ac5a-aa432663b1e0
458,8,9,8,9,8,9,8,9,8,9,8,9,9,9,9,8,9,8,9,8,9,8,9,8,9,8,9,8,11/30/2025 12:00:00 AM,141,1232.92431794157,8966c950-1ca1-4886-8cf2-dea776149674
467,6,12,6,12,6,12,6,12,6,12,8,15,9,15,10,17,10,15,10,15,10,15,11,14,11,14,11,14,11/30/2025 12:00:00 AM,142,1595.11394500154,92920356-9ad8-4bc6-ba87-f0a124304c9b
472,4,14,4,14,4,14,4,14,4,14,6,20,6,20,7,20,7,18,8,12,9,12,9,12,9,12,10,15,11/30/2025 12:00:00 AM,143,1257.06012098207,e293581e-782b-4cec-b59c-ac6e643c92d1
476,5,14,5,14,5,14,5,14,5,14,7,20,7,20,7,20,7,20,10,12,11,12,11,13,11,13,12,16,11/30/2025 12:00:00 AM,144,1019.11274431038,e10b0a33-e230-446d-b278-086418a33c8c
477,6,9,6,9,6,9,6,9,6,9,6,9,6,9,6,9,6,9,5,7,5,7,5,7,5,7,5,7,11/30/2025 12:00:00 AM,145,1124.241647369,8592aa5d-85a8-4db0-9e2a-76c16e6bebe2
475,1,14,1,14,1,14,1,14,1,14,3,13,3,13,3,13,3,13,4,9,4,9,4,9,4,9,5,11,11/30/2025 12:00:00 AM,146,212.390247287031,67f55bf1-b926-47f6-bbd5-e590a60d5261
473,2,15,2,15,2,15,2,15,2,15,3,14,2,14,2,14,3,12,2,13,2,13,2,13,2,13,2,13,11/30/2025 12:00:00 AM,147,1646.92799163627,1c759820-e83f-4483-99ad-a1b6ad78363a
471,7,11,7,11,7,11,7,11,7,11,8,10,8,10,8,10,8,10,9,12,9,12,8,11,8,11,10,12,11/30/2025 12:00:00 AM,148,348.836244636955,b852db53-f1f4-4b39-8047-8277ba1708b3
474,7,10,7,10,7,10,7,10,7,10,8,10,8,10,8,10,8,10,8,9,8,9,8,10,8,10,9,10,11/30/2025 12:00:00 AM,149,1065.45237001477,c02c1dfa-3824-4aec-b4d4-86201fdca2e8
442,19,12,19,12,19,12,19,12,19,12,20,12,20,12,22,13,21,13,22,12,22,12,22,12,22,12,21,12,11/30/2025 12:00:00 AM,150,2168.64297665205,4f18f7b5-f608-4ab1-9081-f0fc2d3b806f
444,9,11,9,11,10,11,10,11,9,11,9,11,9,11,9,11,9,11,10,9,10,9,10,9,10,9,12,9,11/30/2025 12:00:00 AM,151,651.539617674737,6155242f-bc42-4001-b404-4c3a9ad283f9
428,7,12,6,12,6,12,6,12,6,12,6,12,7,11,7,12,7,10,7,10,7,10,7,12,7,12,9,10,11/30/2025 12:00:00 AM,152,1133.11332326885,2db05248-09f6-4f7c-bc54-1b930b10e06d
426,42,11,42,11,41,11,39,10,39,11,39,13,39,13,40,14,41,13,41,13,41,10,40,15,40,17,40,17,11/30/2025 12:00:00 AM,153,807.408585907936,9d76ef55-b0b7-470a-af4b-b4782c0ba651
446,33,10,34,11,38,10,38,10,42,8,42,8,42,8,42,8,43,9,42,10,47,10,48,10,52,11,51,11,11/30/2025 12:00:00 AM,154,2428.56354267114,96a6d05a-7ec1-43de-a03c-45f722b9b28a
443,23,11,23,11,23,11,23,11,23,11,23,11,23,11,26,14,26,14,28,11,28,11,28,11,28,11,29,10,11/30/2025 12:00:00 AM,155,989.022222364214,c6960045-3830-4b3d-a104-14db4b0c5ae6
479,27,10,29,11,29,11,31,11,33,10,33,10,33,10,33,10,33,10,31,11,34,11,37,10,40,11,39,11,11/30/2025 12:00:00 AM,156,2414.41552934032,9eabe7a4-471e-4755-ab2a-3023ca8360a2
478,11,12,11,12,11,12,12,11,12,11,13,15,13,15,13,15,13,15,16,12,17,12,16,11,17,10,18,13,11/30/2025 12:00:00 AM,157,1241.57443633809,99552f5a-6620-4cb4-8400-21dc789393a6
487,18,10,21,10,21,10,20,10,20,10,20,10,20,10,20,10,20,10,20,11,20,11,20,11,21,11,22,13,11/30/2025 12:00:00 AM,158,545.680136524038,714233f5-ac0a-4978-8105-06f56861ed72
490,7,17,8,18,8,18,9,15,9,15,9,15,9,14,9,14,9,14,10,14,10,14,11,14,11,14,11,14,11/30/2025 12:00:00 AM,159,1988.21211427757,d92d4e5a-1cff-4bf4-9c4f-1079f06d5c3a
482,13,12,13,12,13,12,13,12,13,12,13,12,13,13,13,13,13,13,13,12,13,12,14,12,14,12,14,12,11/30/2025 12:00:00 AM,160,685.468001077948,8f2f4794-7f1b-41cf-9c77-d13de6a878cb
483,18,11,18,11,18,11,17,14,17,14,17,14,18,13,19,13,20,17,20,17,19,17,19,17,19,17,19,17,11/30/2025 12:00:00 AM,161,1000.76480375065,7c794cf6-a23e-4d0a-a4c3-586ac73b0e47
494,16,12,16,12,15,12,16,16,16,16,16,15,17,14,18,13,16,21,16,21,15,20,15,20,15,20,16,19,11/30/2025 12:00:00 AM,162,1389.77713438291,19a8da50-9ad8-4d3c-af78-6ff6afd7b93d
489,13,8,14,10,13,10,13,10,13,11,13,11,13,11,13,11,15,9,15,9,15,9,15,9,15,9,16,11,11/30/2025 12:00:00 AM,163,794.438627442795,8d9a137f-9352-4886-84d1-6087dcb8de87
491,12,8,13,9,11,11,11,10,11,11,11,11,11,11,11,11,13,9,13,9,13,9,13,9,13,9,14,12,11/30/2025 12:00:00 AM,164,1269.6690800102,387abb56-5db0-48c1-89b2-e255e22c7996
501,5,7,5,7,5,7,5,7,5,7,5,7,4,9,4,9,4,9,5,9,5,9,5,9,5,9,5,9,11/30/2025 12:00:00 AM,165,1241.21221658073,a33ed890-fb7c-402d-b983-bee9ffedee6c
502,3,4,3,4,3,4,3,4,3,4,3,4,3,4,3,4,3,4,3,4,3,4,3,4,3,4,3,7,11/30/2025 12:00:00 AM,166,1286.28138457063,befd5426-0e7e-4c80-b612-58ba9f0c3619
496,3,6,3,6,3,6,3,6,3,6,3,6,3,6,3,6,3,6,3,6,3,6,3,6,3,6,4,7,11/30/2025 12:00:00 AM,167,1141.34260323315,c8cb4404-dc5e-488e-b940-886b3d199e0b
495,9,10,8,8,9,10,9,10,9,10,9,13,9,13,9,11,9,10,9,13,9,13,9,15,9,15,10,8,11/30/2025 12:00:00 AM,168,3097.93413149223,ef62c4ff-2113-49dd-ad58-2fed6477b07d
423,6,10,6,10,6,10,6,10,6,10,6,10,6,10,6,10,6,10,6,10,5,10,5,10,6,12,7,10,11/30/2025 12:00:00 AM,169,270.196921749664,e2fa2172-052e-472a-b469-8ea2975944cd
485,20,12,22,9,22,9,23,11,23,11,22,12,22,12,21,15,21,15,24,16,26,15,29,13,30,12,32,13,11/30/2025 12:00:00 AM,170,2953.30360310197,4d64194d-294d-4496-ac0a-bf0724eb1368
488,13,15,14,17,14,17,13,15,13,15,15,17,15,17,15,16,15,16,13,18,13,18,14,17,15,16,11,14,11/30/2025 12:00:00 AM,171,2525.4992176972,35bb5fb2-dd75-4c12-a1b5-c0fbd12f5701
497,48,24,44,22,43,22,40,23,41,23,44,25,45,25,47,29,48,30,50,35,49,35,53,35,54,34,57,35,11/30/2025 12:00:00 AM,172,3694.27705074581,9a1a4b89-d121-4a89-8031-457e513b8092
492,19,14,20,14,20,14,20,18,20,22,20,23,20,23,21,23,22,20,22,20,22,20,22,20,22,20,23,20,11/30/2025 12:00:00 AM,173,1155.79960149992,60643dff-de50-4d4d-b97f-3219be494e49
500,2,7,2,7,2,7,2,8,2,8,2,8,2,8,2,8,3,8,5,24,5,24,5,24,6,30,6,30,11/30/2025 12:00:00 AM,174,1640.12733948149,7ca28962-1b66-42ea-8f92-2948ebd31b01
509,0,0,0,0,0,0,0,0,0,0,5,20,6,19,7,18,9,20,9,20,9,20,9,20,8,21,8,20,11/30/2025 12:00:00 AM,175,904.780184111036,1fdb8f5e-ad87-49d5-9684-7a72caad2bda
507,0,0,0,0,0,0,0,0,0,0,3,20,4,19,4,19,4,19,4,19,4,19,4,19,5,16,5,16,11/30/2025 12:00:00 AM,176,605.789170529168,ee937aaa-6430-43fe-8a69-85e4124e5ef7
510,0,0,0,0,0,0,0,0,0,0,4,19,4,19,5,22,5,22,5,22,4,20,4,20,5,30,5,30,11/30/2025 12:00:00 AM,177,1900.24226122887,e28e235b-dd2d-4dbe-879e-aff0ffb30951
508,0,0,0,0,0,0,0,0,0,0,6,16,6,16,6,17,6,17,6,19,5,18,5,18,6,18,6,18,11/30/2025 12:00:00 AM,178,1950.00484466826,c5b96c5c-ddcb-44e2-915a-0a76e59822d8
506,0,0,0,0,0,0,0,0,0,0,9,17,9,17,10,19,10,19,10,20,9,19,9,19,11,20,11,20,11/30/2025 12:00:00 AM,179,536.832921696692,cb9c771b-4df9-4294-a86a-8af4b3e02885
484,15,12,15,12,15,12,15,12,15,12,15,11,15,11,15,11,15,11,15,11,14,11,14,11,14,15,14,15,11/30/2025 12:00:00 AM,180,1209.04523656622,83090101-777d-4936-9b8c-6c938ec21d33
505,20,11,20,11,20,11,21,11,21,11,23,11,23,11,23,11,23,11,23,11,22,11,22,11,22,14,22,14,11/30/2025 12:00:00 AM,181,671.151994288125,a5db9536-9f9f-4328-afac-504d6fa9116a
528,13,10,12,11,12,11,12,11,12,11,13,10,12,10,12,10,12,10,12,10,11,10,11,10,12,10,12,10,11/30/2025 12:00:00 AM,182,1061.41857137165,a2906e5d-7195-4078-998b-1f39a7281876
525,13,10,12,11,12,11,12,11,12,11,13,10,12,10,12,10,12,10,12,10,11,10,11,10,12,10,12,10,11/30/2025 12:00:00 AM,183,805.347321971524,43a15068-c3e4-4621-8c0b-a3f79c885dd7
440,26,13,26,13,23,14,23,14,22,15,22,17,22,17,23,17,23,17,23,17,24,11,24,11,22,18,22,18,11/30/2025 12:00:00 AM,184,730.298306177365,2d7b742c-a93f-45d2-a325-e2df8e14ee06
445,35,10,36,11,37,11,35,11,34,10,34,10,34,10,34,10,34,10,34,10,33,8,34,9,35,10,35,10,11/30/2025 12:00:00 AM,185,1189.16160733207,cd781baa-ff4c-4df6-9ad3-691a3be299b0
542,2,6,2,6,2,6,2,6,2,6,3,6,3,6,2,6,2,6,2,6,2,6,2,6,2,6,2,6,11/30/2025 12:00:00 AM,186,537.551424391429,8ed8426e-319c-416e-96b1-b972223ad767
540,1,7,1,7,1,7,1,7,1,7,2,8,2,8,2,8,2,8,2,8,2,8,2,8,2,8,2,8,11/30/2025 12:00:00 AM,187,478.681257033091,b1eb6b15-8495-4a60-aff2-90b811df2b9c
526,2,6,2,6,2,6,2,6,2,6,3,8,3,8,3,8,3,8,3,8,2,7,2,7,1,8,1,8,11/30/2025 12:00:00 AM,188,830.47711481831,81c07402-25ba-4c48-8d95-92f4bec5b3f4
523,8,14,8,14,8,14,8,14,8,14,8,15,8,15,8,15,8,15,9,14,9,14,9,14,9,14,9,14,11/30/2025 12:00:00 AM,189,1080.75385194753,89446447-53a1-4066-8569-f5d815e2e329
522,39,10,39,10,41,10,41,10,41,10,42,10,41,10,41,10,41,10,41,10,39,8,38,8,39,10,39,10,11/30/2025 12:00:00 AM,190,546.996110932003,372ffac2-d963-477a-b5d4-d154a4e66b19
421,9,9,9,9,12,9,12,9,12,9,12,9,12,9,12,9,13,9,13,9,12,9,11,10,11,10,11,10,11/30/2025 12:00:00 AM,191,471.981590922869,c988a850-4f84-4697-a15b-7ad6bc9e4007
411,14,7,14,7,14,7,15,6,15,6,15,6,15,6,15,6,15,6,15,6,15,6,14,10,15,10,15,10,11/30/2025 12:00:00 AM,192,479.950357322849,cffc0c9d-c20f-4321-a0a4-4ebbd23f9355
412,10,10,10,10,11,10,11,10,11,10,11,10,11,10,11,10,11,10,11,10,11,10,11,10,12,10,12,10,11/30/2025 12:00:00 AM,193,271.22998324967,6b9f2b4e-1796-46ef-a17c-d5d3b5e33665
413,19,6,19,6,19,8,20,8,20,8,20,8,20,8,20,8,20,8,20,8,21,10,21,10,21,10,21,10,11/30/2025 12:00:00 AM,194,409.852089464773,fa14ec67-fe34-4679-9114-306fec3cce33
414,8,8,8,10,8,12,7,11,7,11,7,11,7,11,7,11,7,11,7,11,7,16,7,16,7,16,7,16,11/30/2025 12:00:00 AM,195,379.661217014555,beb4f2f7-7036-48c8-9261-7b8d72bfec77
538,4,8,5,8,5,8,5,8,5,8,5,8,5,8,5,8,5,8,5,8,5,8,5,8,4,8,4,8,11/30/2025 12:00:00 AM,196,281.196448978717,a867ffc6-5616-448f-9780-68e9b279055c
536,9,8,8,11,8,11,8,11,8,11,8,11,8,11,8,11,8,11,8,11,8,11,8,11,8,11,8,11,11/30/2025 12:00:00 AM,197,207.069053373259,364184d0-eea8-4ffa-801f-5d7b683bf2fb
537,7,14,7,18,7,18,7,18,7,18,7,18,7,18,7,18,7,18,7,18,7,18,7,18,7,18,8,17,11/30/2025 12:00:00 AM,198,659.28468465561,b5939ee7-8211-4a71-91b2-f8427f266ed1
541,4,17,4,17,4,17,4,17,4,17,4,17,4,17,5,17,5,17,5,17,5,17,5,17,5,17,6,17,11/30/2025 12:00:00 AM,199,1588.30591153581,10531a02-1891-4787-b55a-3da697e7d1af
532,24,15,25,15,22,15,22,15,21,15,22,17,22,17,23,17,23,17,23,17,23,17,23,17,22,17,23,17,11/30/2025 12:00:00 AM,200,2337.4972471241,763a6121-49f9-493a-93d3-386fdd3c44c0
531,11,24,11,24,11,24,11,24,11,24,11,24,11,24,11,24,11,24,14,25,14,25,14,25,14,25,14,25,11/30/2025 12:00:00 AM,201,195.938157635571,f9dbdb9b-2601-4059-a3ba-196eacc60b1e
529,7,13,7,13,7,13,7,13,7,13,7,15,7,15,7,15,7,15,8,13,8,13,8,13,8,13,8,13,11/30/2025 12:00:00 AM,202,1590.09362240979,156026fa-e8f4-4fae-95db-3772200060d0
533,24,15,25,15,23,15,23,15,23,15,23,18,23,18,24,18,24,18,23,17,22,17,22,17,22,17,23,19,11/30/2025 12:00:00 AM,203,1035.63050077256,a8fcb8b8-8e6f-45f0-927b-150c2a2d8a5c
530,8,20,8,20,8,20,8,20,8,20,8,20,8,20,8,20,9,18,10,22,10,22,10,22,10,22,10,22,11/30/2025 12:00:00 AM,204,2025.25931758724,d4817737-5747-4a17-9a95-f48a8f1f82ef
534,6,9,6,9,6,9,6,9,6,9,6,9,6,9,6,10,7,10,8,13,8,13,8,13,8,13,8,13,11/30/2025 12:00:00 AM,205,1826.16615187507,a6132c6a-c552-4b75-b1bc-621a39b85ef0
521,15,12,15,12,15,12,14,12,15,12,15,12,16,12,18,16,18,16,18,16,17,16,17,16,17,20,17,20,11/30/2025 12:00:00 AM,206,1170.04294964748,b145891b-e953-4941-ac38-b828befc1293
519,22,12,22,12,22,12,20,11,20,15,19,15,20,15,22,15,22,15,22,15,21,15,21,15,21,15,22,15,11/30/2025 12:00:00 AM,207,850.282225645713,9fdb5a5d-b589-4de3-a3d6-09ae0b1c50de
520,42,12,40,12,38,12,38,12,37,12,37,12,37,12,38,13,38,13,38,13,39,13,39,13,39,13,41,15,11/30/2025 12:00:00 AM,208,720.097149241737,2ca792c0-2423-488e-949e-957edbc6671f
504,7,16,7,16,7,16,7,16,7,20,7,20,7,20,7,20,7,18,7,18,6,18,6,18,8,18,8,18,11/30/2025 12:00:00 AM,209,2194.56918571183,1f3d6898-973a-44c0-970f-a1ba05d5e6ae
493,10,17,10,17,10,17,12,20,11,22,11,23,11,23,11,23,12,15,12,15,11,15,11,15,10,20,11,20,11/30/2025 12:00:00 AM,210,1799.50951668692,e7a2b2fc-c6b1-44b3-af63-930a978fe976
555,10,15,10,15,10,15,12,17,13,19,13,19,12,18,12,18,12,18,12,18,12,18,12,18,13,17,13,20,11/30/2025 12:00:00 AM,211,2877.82808021983,c9a0b32c-6133-48f5-aebd-eb3ee2a0d1b5
556,4,12,4,15,4,15,4,15,4,15,4,15,4,14,5,13,5,13,6,15,5,15,3,18,3,18,4,15,11/30/2025 12:00:00 AM,212,3999.95909267046,80fadf11-3939-427e-a5b4-cb0c5b32b07c
553,8,15,8,15,8,15,7,14,8,13,8,13,8,17,9,17,9,17,9,17,8,17,7,16,9,16,9,16,11/30/2025 12:00:00 AM,213,284.705784619877,b3e3c46e-a8a6-48d3-9301-a93fae020e3a
557,14,15,14,15,14,15,14,15,15,19,15,19,14,19,15,18,15,18,15,18,14,18,16,16,16,17,15,15,11/30/2025 12:00:00 AM,214,464.376281794362,a1a7705e-6f89-4cf1-8e4d-908f72fd853c
554,4,9,4,9,4,9,4,9,4,9,4,9,3,10,3,10,3,10,3,10,3,10,4,10,3,13,3,13,11/30/2025 12:00:00 AM,215,441.210493932888,a0dd4edf-1e80-452f-8ac3-471ef668dc57
558,16,15,16,15,16,15,16,15,16,18,16,18,16,18,17,17,17,17,17,17,16,17,19,16,18,17,17,15,11/30/2025 12:00:00 AM,216,382.771261446336,a20c0a95-9815-4e1d-82f1-30aa3364ac25
560,10,15,9,18,9,18,8,21,10,22,10,22,10,22,12,20,12,20,12,20,12,20,15,15,14,18,12,13,11/30/2025 12:00:00 AM,217,2886.26683970793,5cd445c1-9ab1-4f97-b257-182bbf9ebf24
561,11,14,10,16,10,16,10,16,11,17,10,16,10,16,14,15,14,15,14,18,14,18,17,13,16,13,15,17,11/30/2025 12:00:00 AM,218,4020.81614564754,501abe77-8e02-4e3f-8d0d-95b5ff202234
584,14,11,13,10,13,10,15,12,14,12,13,12,13,12,14,12,17,14,17,14,17,14,17,14,17,18,17,18,11/30/2025 12:00:00 AM,219,1442.63790897899,7d1a7b03-e9d7-4e66-a584-93e369ccda41
587,7,15,6,15,6,15,7,16,6,16,6,16,6,16,6,16,8,20,8,20,9,20,9,20,9,19,9,19,11/30/2025 12:00:00 AM,220,1745.9326633338,45faff7b-ef91-4696-8232-6b95e7dae358
562,5,16,4,20,4,20,5,24,4,24,4,24,4,24,5,24,6,22,6,22,6,22,6,22,6,22,6,22,11/30/2025 12:00:00 AM,221,4181.60472984586,19323bd1-0242-4772-a417-a0ad09ae7288
588,7,12,7,12,7,12,7,12,7,12,7,12,7,12,8,12,8,12,8,12,8,12,8,12,8,14,8,14,11/30/2025 12:00:00 AM,222,1285.17065163684,bd128caa-c295-46c8-b9c2-bb5cb7b4d0bb
580,8,12,8,13,8,13,8,13,8,14,8,14,8,14,9,13,10,14,10,14,10,14,10,14,10,13,10,13,11/30/2025 12:00:00 AM,223,303.106198956861,97a74066-845b-482b-b9e2-be19bcd55222
589,2,15,2,15,2,15,2,15,2,15,2,15,2,15,2,15,3,25,3,25,3,25,3,25,3,25,3,25,11/30/2025 12:00:00 AM,224,2275.23292990265,da5ce345-8750-432e-9608-f8791bbab2ff
581,4,16,4,18,4,18,4,14,4,14,5,15,5,15,4,15,4,22,5,15,4,15,5,14,5,14,5,15,11/30/2025 12:00:00 AM,225,2224.42832579813,0baffc3d-8a53-4c9e-96fb-3ecbdb4c7183
559,6,12,6,12,6,12,6,12,6,13,6,13,6,13,6,15,6,15,6,15,6,15,6,15,7,14,7,14,11/30/2025 12:00:00 AM,226,1594.03964789654,fcc4b2fd-80e5-4fb9-9b74-ba0667ffb541
552,3,12,3,13,3,13,3,13,3,14,3,14,4,13,4,12,4,12,4,12,3,16,3,16,3,17,3,17,11/30/2025 12:00:00 AM,227,3623.51606387524,2d288d04-4ae8-4abf-a0fb-ceb2c9f24b58
551,13,13,13,13,13,13,12,12,13,12,13,12,13,11,14,15,14,15,14,15,13,16,13,16,12,20,12,20,11/30/2025 12:00:00 AM,228,2687.20815369221,6de5009b-962f-41dc-9e9c-7b7cdd46aa59
582,32,26,32,26,32,26,32,26,32,26,32,30,32,30,37,32,37,32,36,35,37,35,37,35,37,35,42,35,11/30/2025 12:00:00 AM,229,4261.39317481784,b447296f-7783-4f14-897a-e29d6bf4f2b1
583,27,10,27,10,27,10,27,10,27,10,27,10,10,20,28,10,28,10,28,10,28,10,28,10,28,10,28,10,11/30/2025 12:00:00 AM,230,547.238517215584,98ba722e-2776-4f7e-a730-e2ce0075e940
585,29,10,27,12,27,12,27,12,26,12,26,12,15,20,27,12,27,12,27,12,27,12,28,12,29,12,31,17,11/30/2025 12:00:00 AM,231,348.657506167525,33214daf-bdfe-476a-9a71-7d4d84b8609d
586,20,5,20,7,20,7,18,7,20,7,20,7,21,7,22,7,22,7,23,7,22,7,22,7,22,7,23,7,11/30/2025 12:00:00 AM,232,250.169218571214,65fc4cae-53dd-4c17-a756-2b64346cf565
563,54,23,53,22,51,22,51,22,51,23,51,23,51,23,56,27,57,26,57,26,58,26,59,25,60,25,64,28,11/30/2025 12:00:00 AM,233,3903.62532888143,7f9751bc-70be-4bb2-885f-59acf023dcfe
498,56,24,52,23,51,23,52,23,53,23,55,25,56,25,60,30,61,30,63,32,62,32,66,31,67,31,70,32,11/30/2025 12:00:00 AM,234,6503.1227898797,513b81a9-7377-4797-917d-176e6218f4b2
517,46,12,44,12,41,11,40,11,42,13,42,13,42,13,42,13,42,13,42,13,42,13,42,13,42,14,45,15,11/30/2025 12:00:00 AM,235,735.995201105654,2308906d-8416-45b5-aeb0-ec42c2fbe771
515,43,12,41,11,38,11,37,11,37,13,37,13,36,13,36,13,36,13,36,13,38,18,38,18,37,17,42,17,11/30/2025 12:00:00 AM,236,1517.60418364384,98eab114-c598-4671-ac7c-d63024b71c9b
518,11,15,14,15,17,12,18,11,20,18,21,18,19,14,19,14,19,14,19,14,19,14,19,16,19,16,20,15,11/30/2025 12:00:00 AM,237,1317.83346766411,57c8c3ed-86af-4d42-aefd-d580ff74183c
543,6,16,7,15,8,12,8,12,9,11,9,11,9,11,9,11,9,11,9,11,10,11,12,16,12,16,12,16,11/30/2025 12:00:00 AM,238,1049.97768792793,1eeb116d-1a79-4475-b7b7-523a6f770154
516,9,12,9,12,10,11,10,11,10,11,10,11,10,11,10,11,10,11,10,11,12,20,12,20,12,20,12,20,11/30/2025 12:00:00 AM,239,1234.58561000191,3cefe249-6432-4489-b97c-2ba79e30ae3c
514,42,12,42,12,48,11,48,11,48,11,48,11,48,11,48,11,48,11,48,11,47,18,47,18,47,18,52,18,11/30/2025 12:00:00 AM,240,203.588932473325,180306c9-f19a-432b-ac4c-f8ab64363e53
513,23,15,24,15,23,15,23,15,23,15,22,18,22,18,22,18,22,18,22,18,22,23,22,23,22,20,24,20,11/30/2025 12:00:00 AM,241,1056.83932730868,b0ab50f0-48d7-4ecb-b61c-634bf4deba34
512,34,9,33,9,31,10,31,10,31,10,31,10,30,10,30,12,30,12,30,12,29,16,29,16,28,15,31,14,11/30/2025 12:00:00 AM,242,689.249188163429,4744cf52-e04c-4a86-bfd4-19f5e32cd5b7
524,36,11,36,11,38,11,38,11,38,11,39,11,38,11,38,11,38,11,38,11,36,10,35,10,35,10,35,10,11/30/2025 12:00:00 AM,243,647.147152797879,26925983-ec97-4add-b182-f1a1a05ceadb
535,36,9,36,12,36,12,36,12,36,12,36,12,35,11,35,11,35,11,35,11,33,10,32,10,31,10,31,10,11/30/2025 12:00:00 AM,244,297.323469263393,f22837e3-f6e9-46b2-9e3d-795c1036ccf4
138,39,9,40,9,41,9,41,9,41,9,41,9,40,9,40,9,40,9,40,9,38,9,35,11,33,14,33,14,11/30/2025 12:00:00 AM,245,516.065845252623,dd0d0348-641e-4abc-b789-8750ec0b0990
135,33,10,33,10,33,10,33,10,33,10,33,10,32,10,33,11,33,11,33,11,42,10,36,12,30,13,29,14,11/30/2025 12:00:00 AM,246,233.249752362304,5ff024f5-b035-4a9d-a4fe-0f9df5119cff
137,46,11,46,10,45,10,44,10,44,10,44,10,43,10,44,11,44,11,44,11,42,10,37,12,31,13,30,14,11/30/2025 12:00:00 AM,247,303.678865461631,646e8ac1-098c-4298-9646-053eef4c00cc
511,9,9,8,9,8,9,8,9,8,9,8,9,8,9,8,12,8,12,8,12,28,14,28,14,27,15,30,14,11/30/2025 12:00:00 AM,248,800.298650711244,17fd69e7-5bba-4732-9bed-f1cbbd32443c
139,11,8,10,10,10,10,10,10,10,10,10,10,10,10,10,12,10,12,10,12,27,12,27,10,27,11,29,12,11/30/2025 12:00:00 AM,249,529.115235475008,9eb0ffcc-999e-4b53-a78f-16ffc93b58d2
136,25,9,24,8,22,9,22,9,23,9,23,9,22,9,22,10,22,10,22,10,0,0,0,0,1,90,1,90,11/30/2025 12:00:00 AM,250,1220.15760058854,9c58d3fd-2647-4ebf-903d-f6bd338ea811
133,17,7,16,10,16,10,16,10,16,10,16,10,16,9,17,11,17,11,16,11,0,0,1,50,2,36,2,36,11/30/2025 12:00:00 AM,251,313.439650216272,c6ea0753-99ef-4111-b8dd-a5be67720c15
132,11,8,12,10,12,10,12,10,12,10,12,10,12,10,12,10,12,10,11,10,20,12,25,9,27,13,28,13,11/30/2025 12:00:00 AM,252,401.185789239527,c2a6d4ec-d539-4d6c-b427-7d07e5ec292c
131,8,7,8,7,8,7,8,7,8,7,8,9,8,9,8,8,8,8,8,10,8,10,8,9,8,9,8,9,11/30/2025 12:00:00 AM,253,519.174915594238,bafeb844-1255-45ce-812b-cee7329abe62
128,23,13,23,13,23,13,22,11,22,11,22,11,22,11,23,12,23,12,22,11,21,10,21,9,22,9,24,12,11/30/2025 12:00:00 AM,254,291.192347808665,be057166-317d-48aa-949d-12ec04dbc0de
127,31,8,30,8,30,8,30,8,30,10,28,10,27,10,26,11,27,11,26,11,21,12,26,14,27,12,29,10,11/30/2025 12:00:00 AM,255,272.273099111753,7d2602d7-848b-4adf-88c9-f07bc5a84a85
415,21,4,21,4,21,8,22,8,22,8,22,8,22,8,22,8,22,8,22,8,22,11,22,11,22,11,22,11,11/30/2025 12:00:00 AM,256,480.857972057519,7d23c88c-4f70-41ca-8ea3-74cc9d7d98f5
418,23,5,23,5,24,5,26,5,26,5,26,5,26,5,26,5,26,5,26,5,26,9,26,9,26,9,26,8,11/30/2025 12:00:00 AM,257,192.003706330142,f77f90a2-413f-40fd-a2a6-db63f23ac8c3
417,22,4,22,4,23,4,23,4,23,4,23,4,23,4,23,4,23,4,24,4,22,7,22,7,22,7,22,7,11/30/2025 12:00:00 AM,258,214.653497699278,b3a8a27a-bb8f-4a79-aa37-df9c0e1ea40c
125,22,4,22,4,22,4,22,4,22,4,22,6,22,6,22,7,22,7,23,10,22,6,21,10,21,10,21,9,11/30/2025 12:00:00 AM,259,371.324064787373,c0111fbe-a1b2-4f03-9174-5863ad54c4c5
539,6,7,6,7,6,7,7,7,7,7,7,7,7,7,7,7,7,7,7,7,7,7,7,7,7,7,7,7,11/30/2025 12:00:00 AM,260,564.415566134038,d6f1fa03-2f5f-4925-a2bf-e0d0f4734540
422,5,3,5,3,5,3,6,3,6,3,6,3,6,3,6,3,6,3,6,3,6,8,6,8,6,8,6,8,11/30/2025 12:00:00 AM,261,278.436463336924,df2abc4b-1e3b-4bbf-9260-bbce36ca5281
544,8,18,9,17,10,15,10,15,11,20,12,20,12,20,12,20,12,19,12,19,12,19,14,19,14,19,15,19,11/30/2025 12:00:00 AM,262,1824.3114018235,8978fc12-5f13-4d66-9d24-3f0028c5be74
545,11,14,15,15,16,12,17,11,18,12,20,11,19,9,19,11,19,11,19,11,18,11,17,12,18,13,19,14,11/30/2025 12:00:00 AM,263,1591.64466205303,f115782c-f742-43dd-9590-4471e3749c14
546,13,12,16,14,16,12,17,11,17,11,17,11,18,8,20,12,20,12,20,12,19,12,19,12,20,13,21,15,11/30/2025 12:00:00 AM,264,315.623122870358,969d5186-1794-47ad-9c20-1d45a532295b
549,19,10,19,10,19,10,19,10,18,10,20,12,20,9,20,9,20,9,20,9,19,9,19,9,19,9,23,16,11/30/2025 12:00:00 AM,265,365.678425349522,95dd948a-503b-4f33-8c78-3cc71f270504
548,50,13,50,12,50,12,52,11,52,11,54,11,55,11,57,12,58,12,58,12,56,12,57,11,61,10,62,10,11/30/2025 12:00:00 AM,266,729.196234020155,bf2c3d0b-87a8-4603-afad-64519c7fcc69
564,74,24,69,23,66,23,67,22,68,22,69,25,70,25,73,31,74,31,76,31,75,31,78,30,79,30,81,31,11/30/2025 12:00:00 AM,267,3533.49298448118,a4888ba9-8ce2-4f8c-ae1e-be32c21720b2
571,7,15,7,15,7,15,7,15,7,15,8,15,8,15,8,15,7,18,7,18,7,18,8,18,8,18,8,18,11/30/2025 12:00:00 AM,268,1961.95856252563,90f258a8-c6b6-4b9a-9a91-bf5b1a2d439b
572,2,18,2,18,2,18,2,18,2,18,2,18,2,18,2,18,2,20,2,20,2,20,2,20,2,20,2,20,11/30/2025 12:00:00 AM,269,506.920392145876,a5280c22-87cd-4f2d-b1ab-3b0d3bad62b6
567,3,12,3,12,3,12,3,12,3,12,3,12,3,12,3,12,2,15,2,15,2,15,3,11,3,11,3,11,11/30/2025 12:00:00 AM,270,2040.94355219994,cb584c1d-0ba2-4d65-8f47-baf164fad7e3
569,5,16,4,15,4,15,4,15,4,15,5,16,5,16,4,19,4,19,5,20,5,20,7,17,5,18,8,25,11/30/2025 12:00:00 AM,271,2549.46905909149,305f9b30-8a3c-47d3-acdc-360cb12674cc
570,5,14,5,14,5,14,5,14,5,14,5,14,5,14,5,14,5,17,5,17,5,17,5,17,5,17,5,17,11/30/2025 12:00:00 AM,272,3791.62033544774,1254eb06-b062-4823-bc8b-f79d38b9572f
574,17,15,17,15,17,15,18,15,17,15,17,15,18,15,19,15,19,15,18,15,18,15,19,15,19,15,21,20,11/30/2025 12:00:00 AM,273,3253.83349785822,bd7416fc-efde-4f95-8c02-46bef0afd2d5
575,40,18,41,20,41,20,40,18,40,20,39,19,39,19,46,23,47,23,49,25,49,25,60,22,60,22,64,24,11/30/2025 12:00:00 AM,274,2996.54265411807,bf02bf4b-eb69-4459-abf2-20ea5bad6296
573,16,15,16,15,16,15,17,15,16,15,16,15,18,16,19,15,19,15,19,15,19,15,20,15,20,15,23,25,11/30/2025 12:00:00 AM,275,857.287097828852,d91394c8-fdea-42c5-90ee-51df3b6ce83a
578,0,0,0,0,0,0,10,26,10,26,11,25,15,20,15,20,15,20,16,20,15,20,10,25,15,20,11,23,11/30/2025 12:00:00 AM,276,289.090118751979,8ffd987d-2044-46cb-8f45-efd9a32e811d
579,0,0,0,0,0,0,4,33,4,33,4,33,7,28,7,28,7,28,7,27,7,27,6,30,7,27,6,28,11/30/2025 12:00:00 AM,277,750.267008951757,cd161f3d-9c77-40e6-a4a8-5136ad6e517c
577,0,0,0,0,0,0,6,20,6,20,6,17,8,17,8,17,8,17,9,17,9,17,5,19,9,17,5,25,11/30/2025 12:00:00 AM,278,1334.34698278103,4b38253a-84bf-4a4a-b905-fbbea63cd0ad
568,45,18,45,18,45,18,45,18,45,19,45,19,45,19,51,24,52,24,54,24,59,25,62,23,63,23,66,23,11/30/2025 12:00:00 AM,279,3319.28489031447,be39e0e3-f60a-40fc-9a98-0704f34f7206
566,47,18,47,18,47,18,47,18,47,19,47,19,47,19,53,24,54,24,55,24,61,25,64,22,64,22,67,22,11/30/2025 12:00:00 AM,280,1965.52536993914,844e30d5-6dd7-4f2d-82f1-c85e20a19d6a
565,48,17,48,17,48,17,48,17,48,17,48,17,48,17,50,24,54,24,56,24,56,24,59,24,65,24,65,24,11/30/2025 12:00:00 AM,281,748.438343803904,10e9267a-7eed-42dc-8a1c-f8d57c3e531a
550,6,11,6,11,6,11,7,12,7,12,9,10,10,10,9,12,9,12,9,15,9,15,9,15,9,15,9,10,11/30/2025 12:00:00 AM,282,2188.52300962368,8a828f2e-4ee9-45cd-9241-f4ab2706c2f1
547,51,10,50,10,50,10,52,10,52,10,54,10,55,10,57,11,57,11,57,11,55,11,55,11,59,10,59,10,11/30/2025 12:00:00 AM,283,627.597669797346,59b0e6cc-b4e1-46e0-b0f0-62a71837f58d
144,34,8,33,10,33,10,34,10,34,10,35,10,36,10,38,11,38,11,39,10,37,10,37,10,40,11,40,11,11/30/2025 12:00:00 AM,284,892.885049256834,df29a11f-9f7a-4f49-adb8-66a48365cc4e
142,17,7,17,7,18,10,19,10,19,10,19,10,19,10,19,10,19,10,19,10,18,10,18,10,19,9,19,9,11/30/2025 12:00:00 AM,285,827.621034803668,fdfdf45c-7836-42b5-9f83-1e75a93e5eed
141,15,8,15,10,16,11,16,11,16,11,16,11,16,11,15,11,15,11,15,11,14,11,15,10,15,11,15,11,11/30/2025 12:00:00 AM,286,485.602658783799,72a66397-3d8a-4a06-ad98-1c0cb8719c95
122,45,8,45,10,47,10,49,8,48,8,49,8,50,9,51,10,51,10,52,10,49,10,48,10,51,11,51,11,11/30/2025 12:00:00 AM,287,882.122735149998,b0dee477-b0e2-4fff-9197-38cc7032cec0
121,41,9,42,8,44,8,45,7,44,8,44,8,44,9,44,12,44,12,45,11,43,11,42,11,45,10,45,10,11/30/2025 12:00:00 AM,288,401.027231130425,4eae8383-13d8-4225-94e6-b335c8eada9d
118,44,8,44,8,47,9,48,9,46,8,46,8,46,9,45,12,45,12,46,11,44,11,43,11,46,10,46,10,11/30/2025 12:00:00 AM,289,641.27135583664,bac49824-c964-4128-bd88-ddcce1808fb3
123,6,6,6,6,6,6,5,6,5,6,5,6,5,6,5,6,5,6,5,6,5,6,5,6,5,6,5,6,11/30/2025 12:00:00 AM,290,212.303973748038,53dfee94-3054-4ea7-917f-193173637ac3
119,11,7,11,7,11,7,12,7,11,7,12,7,11,7,12,7,12,7,12,7,11,8,11,8,11,8,11,8,11/30/2025 12:00:00 AM,291,281.906448438758,61037bb2-ff6e-4c62-a257-8d76bb624bed
120,6,4,7,4,8,4,9,5,8,9,9,9,8,9,9,9,9,9,9,9,8,8,8,8,8,8,8,8,11/30/2025 12:00:00 AM,292,218.671469262673,1f8099ee-49cb-4185-9914-60b0af350a57
140,20,7,20,7,20,7,20,7,20,7,20,7,20,7,21,7,21,7,21,7,20,7,20,7,20,7,20,10,11/30/2025 12:00:00 AM,293,1371.56823767566,c3a02b24-f03c-4287-8c87-19fa01cc421a
104,19,5,18,5,17,5,16,6,17,6,17,6,17,6,18,8,18,7,18,7,17,7,17,7,16,11,16,11,11/30/2025 12:00:00 AM,294,364.399127914258,afde51f6-dc0e-4145-abe5-cf6dd03a477e
106,6,5,6,5,6,5,6,7,6,7,6,7,6,7,6,7,5,7,5,7,5,7,5,7,4,12,4,12,11/30/2025 12:00:00 AM,295,714.528315376033,e1eb10be-252b-4eab-9827-f43eac042a19
105,5,5,5,5,4,5,4,8,4,10,4,10,4,9,5,10,4,6,4,6,4,6,4,6,4,11,4,11,11/30/2025 12:00:00 AM,296,718.328185460722,9f6047a3-8b1b-49c5-b563-82149d0f53ac
116,8,7,9,7,8,7,8,7,8,10,8,10,8,10,7,9,7,9,7,9,7,9,7,9,7,10,7,10,11/30/2025 12:00:00 AM,297,251.609784482755,38912c86-0995-473a-95df-1c9fe4ab8164
100,18,6,17,6,16,6,15,6,16,6,17,6,17,6,18,8,17,7,17,7,16,7,16,7,15,10,15,10,11/30/2025 12:00:00 AM,298,720.397550625681,f9ba6e9a-2254-4ec0-8207-0a00b9ad2e5d
143,23,6,23,8,24,9,24,9,24,9,24,9,24,9,24,9,24,11,24,11,23,11,23,11,23,9,23,9,11/30/2025 12:00:00 AM,299,1481.91591001619,08a21311-cd34-4b6d-8d5b-bbb5768d2231
160,12,7,14,8,14,8,13,8,13,8,13,8,13,8,13,8,14,11,14,11,13,11,13,11,13,11,13,11,11/30/2025 12:00:00 AM,300,433.743609883717,519d0170-f967-4bf3-af34-3ba2e51f2187
161,18,7,18,8,18,8,18,8,19,8,19,8,19,8,19,8,18,12,18,12,17,11,17,11,17,11,18,10,11/30/2025 12:00:00 AM,301,1376.68986713047,63f8a2a1-21bb-4ff3-ab52-71ee96d1ae48
159,13,7,14,8,14,8,14,8,14,8,14,8,15,8,15,8,16,12,16,12,16,12,16,12,15,11,15,11,11/30/2025 12:00:00 AM,302,1259.46118847663,062fb132-c8a3-4418-be00-1be9690aa4ce
165,6,7,8,9,8,9,8,9,8,9,8,9,8,9,8,9,8,12,8,12,8,12,8,12,8,12,8,14,11/30/2025 12:00:00 AM,303,1138.7425421731,5e1b4606-e9f7-48d7-9f47-6c207a36e450
172,13,7,14,9,14,9,14,9,15,8,15,8,15,8,15,8,16,11,16,11,15,11,15,11,16,10,18,15,11/30/2025 12:00:00 AM,304,1746.77567556323,178ad31b-22f0-4281-b4ea-dfeaad605d79
166,7,7,7,8,6,8,6,8,6,8,6,8,6,8,6,8,6,9,6,9,6,9,6,9,6,9,6,13,11/30/2025 12:00:00 AM,305,1009.27696732611,ccf9e158-22cd-4838-ba11-9c24cf9220f1
175,7,7,7,8,7,9,7,9,7,9,7,9,7,9,7,9,10,11,10,11,9,10,9,10,9,10,11,14,11/30/2025 12:00:00 AM,306,597.641401842261,fa2d9dae-7dcb-4575-9273-fd4a5ab96133
174,7,7,7,8,7,9,7,9,7,9,7,9,7,9,7,9,10,10,10,10,9,10,9,10,9,10,11,14,11/30/2025 12:00:00 AM,307,439.123548581498,ed49f7fd-2ee4-4fd9-a212-107606a38aac
173,7,7,7,8,7,9,7,9,7,9,7,9,7,9,7,9,10,10,10,10,9,10,9,10,9,10,11,14,11/30/2025 12:00:00 AM,308,807.025593234971,64d28d71-69cd-4071-bd78-eba96cf52791
171,10,8,10,8,10,9,10,9,10,9,10,9,10,9,10,9,12,12,12,12,11,11,11,11,11,11,14,15,11/30/2025 12:00:00 AM,309,778.239437993066,8f21d932-ca7d-4f42-8ff5-1b3d5af8adfb
169,6,12,6,15,6,15,6,15,5,16,5,16,5,16,5,16,7,12,7,12,7,12,7,12,7,12,8,10,11/30/2025 12:00:00 AM,310,228.614299727749,3a152eac-08ff-416f-9e7c-a866090cdefd
167,10,10,10,10,10,10,11,10,12,10,12,10,12,10,12,10,12,10,12,10,12,10,12,10,12,10,12,10,11/30/2025 12:00:00 AM,311,1484.38630904707,7a64b968-7724-4164-8da6-e08563de0daa
170,8,9,9,9,9,9,9,9,8,12,9,10,9,10,9,10,11,12,11,12,10,12,11,11,11,11,13,10,11/30/2025 12:00:00 AM,312,588.972928579637,fe628193-2130-42cb-80cf-c696d7ec1b75
194,8,9,9,9,9,9,8,9,7,11,8,9,9,9,9,9,11,12,11,12,10,12,11,11,11,11,12,10,11/30/2025 12:00:00 AM,313,678.66014381398,02e95436-76e2-4af2-bde5-8cc119dd5009
195,8,8,7,9,7,9,6,7,6,7,8,8,8,8,8,8,9,9,8,9,7,9,9,15,8,12,10,10,11/30/2025 12:00:00 AM,314,1620.68766680068,bb6e5e9f-786e-4a85-9378-ae97b6b4862b
196,8,9,8,9,8,9,8,9,7,9,7,9,8,8,8,8,9,9,9,9,9,9,10,9,9,9,12,10,11/30/2025 12:00:00 AM,315,862.712981638317,8e7691fe-27e6-4347-beac-c30d243d8f88
191,25,10,27,11,28,11,28,11,29,11,30,10,31,10,31,10,32,10,32,10,32,10,33,10,33,10,33,10,11/30/2025 12:00:00 AM,316,1820.51618435472,fafd647f-d036-4c85-b1bc-fe3d44c44acc
168,20,8,20,8,20,8,21,8,21,8,21,8,21,8,22,8,22,8,22,8,21,8,21,8,21,8,21,10,11/30/2025 12:00:00 AM,317,521.470503742846,32506f70-5c31-4f0e-81d0-645da5aa4805
190,19,10,19,10,19,10,20,10,20,10,20,10,20,10,21,10,21,12,18,10,17,10,17,10,17,10,17,10,11/30/2025 12:00:00 AM,318,285.314919927416,fbd740dc-bd75-4127-8996-2cf529a890f3
193,4,6,4,6,4,6,4,6,4,6,4,6,4,6,4,6,4,6,3,9,3,9,3,9,3,9,3,9,11/30/2025 12:00:00 AM,319,680.935235982916,37d4ab15-69a9-4e49-8bd0-eadf49d88708
192,28,11,29,12,30,11,30,11,31,11,32,10,33,10,33,10,34,10,34,10,34,10,35,10,35,10,35,10,11/30/2025 12:00:00 AM,320,938.939075321188,48315367-5a36-4d2a-9fac-f28deb3e9022
179,7,7,7,7,7,7,8,7,8,7,8,7,8,7,8,7,8,7,9,7,9,7,9,7,8,8,8,8,11/30/2025 12:00:00 AM,321,211.259670406671,c6422778-ea67-4c01-8daf-e3e223a98d84
178,17,6,16,7,17,7,18,7,18,7,18,7,18,7,19,7,19,7,20,7,20,7,20,7,19,7,19,7,11/30/2025 12:00:00 AM,322,247.999612101751,c5d5f705-ea4a-4d50-95fc-3b61e6e39208
200,10,4,10,4,10,4,10,4,10,4,10,4,10,4,10,4,11,7,12,5,11,6,11,6,11,6,11,6,11/30/2025 12:00:00 AM,323,252.6656865217,204f5f66-8c8a-44f9-8bee-635b5817472b
199,8,7,8,7,8,7,8,7,8,7,8,7,8,7,8,7,9,7,12,7,12,7,12,7,12,7,12,7,11/30/2025 12:00:00 AM,324,165.39068251217,526880b8-b6e3-4e5e-82fd-254836fac9c1
201,6,5,6,5,6,5,7,5,7,5,8,5,8,5,8,5,10,8,11,6,11,6,11,6,11,6,11,6,11/30/2025 12:00:00 AM,325,417.665656434204,ef9a22ad-b630-4a3b-b27e-099a929f22c6
163,5,12,5,12,5,12,6,12,6,12,6,12,6,12,6,12,7,12,7,12,7,12,7,12,7,12,6,12,11/30/2025 12:00:00 AM,326,666.462665935302,656f8e05-c563-465e-be9b-b9dd7da4a5c7
164,16,8,15,7,15,7,16,7,16,7,16,7,16,7,16,7,17,8,18,8,18,8,18,8,18,8,17,8,11/30/2025 12:00:00 AM,327,290.966822083775,51906a8a-8f49-43bf-9a83-f3447bbe4d16
180,10,5,10,5,10,5,10,5,10,5,10,5,10,8,10,8,10,8,10,8,10,8,10,8,9,5,9,5,11/30/2025 12:00:00 AM,328,280.512383247376,250c19b4-eaff-4cdb-9190-b6f9f3d97cd2
181,6,7,6,7,6,7,6,7,6,7,6,7,7,8,7,8,7,8,6,9,6,9,6,9,6,9,6,9,11/30/2025 12:00:00 AM,329,1229.31911735526,dc14ff59-8b86-4e4c-9382-175921d23549
188,3,9,3,9,3,9,3,9,3,9,3,9,4,9,4,9,4,9,5,9,5,9,5,9,5,9,5,11,11/30/2025 12:00:00 AM,330,882.187219784749,3d4b8965-9114-45b5-8e0b-5dbaa02facbc
185,6,7,6,7,6,7,6,7,6,7,6,7,7,8,7,8,7,8,8,6,8,6,8,6,8,6,9,12,11/30/2025 12:00:00 AM,331,1285.54780321162,43e2bdd2-9bb3-4451-9656-457889c85f8c
162,14,7,14,7,14,7,14,7,14,7,14,7,14,7,14,7,15,7,15,7,15,7,15,7,15,7,15,7,11/30/2025 12:00:00 AM,332,894.187714629454,a77fd8d4-d0bb-4890-94bb-0a1603de7f59
158,12,6,12,6,11,6,10,6,10,6,11,6,11,6,11,6,11,6,11,6,11,6,11,6,10,8,11,9,11/30/2025 12:00:00 AM,333,928.492246272976,492d63f0-c39d-4a66-945e-574e2c31851e
154,10,6,10,8,10,8,9,7,9,7,10,7,10,7,10,7,10,7,10,7,10,7,10,7,10,7,12,9,11/30/2025 12:00:00 AM,334,1801.67978972152,1a8e0bdb-d3bc-405a-a4d0-863c6054c5f0
149,17,7,16,9,17,9,17,8,18,8,18,8,18,7,18,9,18,9,18,9,18,9,18,9,19,9,20,9,11/30/2025 12:00:00 AM,335,371.861096097684,05ee1734-e07d-4511-84ca-ce8d8ee97f53
146,20,6,19,7,19,7,18,7,18,7,18,7,19,6,18,6,18,6,18,6,18,6,18,6,18,6,19,6,11/30/2025 12:00:00 AM,336,777.898306585287,7bce7bb5-0852-4ed8-b1a2-9948fe57621c
198,65,22,59,22,58,22,60,22,61,22,60,24,60,24,61,30,62,30,64,31,63,31,66,28,67,28,68,30,11/30/2025 12:00:00 AM,337,7993.48979953977,f60edd26-2894-4d19-81e7-c7a7217f6d0e
182,19,10,19,10,19,10,20,10,20,10,20,10,20,10,20,10,22,12,23,11,23,11,23,11,24,9,24,9,11/30/2025 12:00:00 AM,338,703.17691882261,8369f8b2-f1b5-44dc-afda-072cbec8bd16
184,20,9,20,11,20,11,20,11,20,11,20,11,20,11,20,11,21,12,22,11,22,11,22,11,23,9,23,9,11/30/2025 12:00:00 AM,339,613.263938664621,b2d3f4c0-52a6-4105-96b8-43b0e2e50aa5
187,16,12,17,13,17,13,17,13,17,18,18,17,18,16,18,16,19,14,19,14,18,14,19,14,19,14,19,19,11/30/2025 12:00:00 AM,340,2179.98181247297,59c5674b-e6d1-4447-8ce1-0ae6e349cc90
213,13,13,13,13,13,13,13,13,14,15,15,15,17,13,17,13,18,12,18,12,17,12,18,15,18,17,19,20,11/30/2025 12:00:00 AM,341,629.028304362194,f07e3540-156b-4dd4-bd66-c82b7e3c638a
215,0,0,0,0,0,0,0,0,0,0,0,0,3,6,3,6,3,6,3,6,3,6,4,6,4,10,4,10,11/30/2025 12:00:00 AM,342,1553.5065158196,7f7d0972-b44f-417f-afad-453b3c9763ea
214,11,13,11,14,11,14,11,14,12,14,13,14,14,12,14,15,15,14,15,15,14,15,15,18,14,18,15,22,11/30/2025 12:00:00 AM,343,2673.42621023721,88ee2314-afba-4f02-a553-78ed4e2d7890
217,4,14,4,18,4,18,4,18,4,18,4,18,4,18,4,18,4,18,4,18,4,18,4,18,4,18,4,18,11/30/2025 12:00:00 AM,344,1336.53792842939,71db3514-5784-4d4a-be2d-5a995b915061
216,11,11,10,11,10,11,10,11,10,11,11,11,11,11,11,11,11,11,11,11,11,11,12,11,12,11,13,11,11/30/2025 12:00:00 AM,345,1729.74397097773,434920d7-c951-4d06-a9c2-849fc80635d7
212,8,11,8,13,8,13,9,11,9,11,10,11,11,11,12,11,13,10,13,13,12,12,13,13,13,18,15,15,11/30/2025 12:00:00 AM,346,1550.40656931852,783e3232-f73d-45af-97d3-c2ac7b30deff
211,7,11,7,11,7,11,8,11,8,11,9,11,10,8,11,8,11,8,11,8,11,10,12,10,11,12,13,11,11/30/2025 12:00:00 AM,347,2839.98891735373,786f6627-a22c-41cb-9f1d-c2cdfccdf0e6
206,7,10,7,10,8,10,8,10,8,10,8,10,7,8,7,8,7,8,7,8,10,8,10,8,10,10,11,9,11/30/2025 12:00:00 AM,348,2737.6508797645,567e22ca-de99-48a2-806d-90facf43e7e8
205,7,8,7,8,7,8,7,8,7,8,7,8,6,8,6,8,6,8,6,8,9,9,9,9,9,9,10,9,11/30/2025 12:00:00 AM,349,210.666844494328,0bd8ccd1-2979-44fc-bb52-a94c08379cc2
208,8,7,8,7,8,7,8,7,8,7,8,7,9,8,9,8,9,8,10,8,10,8,10,8,10,8,12,10,11/30/2025 12:00:00 AM,350,1045.48411206953,124b85c8-e5fe-4a51-82a2-98400a3892ce
209,8,9,8,9,8,9,8,9,8,9,8,9,9,8,9,8,9,8,10,8,10,8,10,8,10,8,12,10,11/30/2025 12:00:00 AM,351,1357.52399616852,62371997-5f8b-462a-a803-e174f89a1ba4
189,7,8,7,8,7,8,7,8,7,8,7,8,8,9,8,9,8,9,9,9,9,9,9,9,9,9,11,14,11/30/2025 12:00:00 AM,352,1358.05628910143,feaa31b8-bf7c-4231-b7ed-48e0af9d80a3
203,1,11,1,11,1,11,1,11,1,11,1,11,1,11,1,11,1,11,1,11,1,11,1,11,1,11,1,11,11/30/2025 12:00:00 AM,353,2634.33145467977,911fb031-a01d-4257-a618-faf82881a93a
204,2,12,2,12,2,13,2,13,2,13,2,13,2,13,2,13,2,13,2,13,3,10,3,10,3,10,3,10,11/30/2025 12:00:00 AM,354,1373.96817825225,caa3d184-abe8-4962-a11b-129dd3aacfc8
177,3,10,3,10,3,10,3,10,3,10,3,10,3,10,3,10,3,10,3,10,4,10,4,10,4,10,4,10,11/30/2025 12:00:00 AM,355,1639.82087968938,9f188b80-5bf4-4ba4-95af-9d6da468d465
207,6,6,6,6,6,6,6,6,6,6,6,6,7,6,7,6,7,6,7,6,7,7,7,7,7,7,7,7,11/30/2025 12:00:00 AM,356,1390.57646168477,7e8cc80b-3ec0-4899-88c9-f000c8b2529a
176,6,7,6,7,7,7,7,7,7,7,7,7,8,6,8,6,8,6,8,6,8,6,8,6,8,6,8,6,11/30/2025 12:00:00 AM,357,2133.58732788838,2cebafa5-7ae0-4d80-8f78-4dc714688dff
155,9,7,9,7,10,7,10,6,10,6,10,6,11,7,11,7,11,7,11,7,12,7,12,7,12,7,11,9,11/30/2025 12:00:00 AM,358,1043.31343819683,2a7ef649-3f86-45e5-b21b-2f961a3f6c1d
210,2,14,2,14,2,14,2,14,2,16,2,16,2,16,2,16,3,16,3,16,2,15,2,15,2,15,4,11,11/30/2025 12:00:00 AM,359,4598.53073160456,7215218f-d71b-4b3b-b1cb-870e2544620f
282,4,12,4,12,4,12,4,12,4,12,4,12,4,12,4,12,5,12,5,12,5,12,5,12,5,12,6,14,11/30/2025 12:00:00 AM,360,330.572080758129,640fb445-c8bc-4d5e-ad28-860759913c4e
278,3,11,3,11,3,11,3,11,3,11,3,11,3,9,3,9,3,9,3,9,4,7,4,7,5,11,4,10,11/30/2025 12:00:00 AM,361,3372.69491174324,0ec3a31e-887e-4978-a6ce-1200e617878c
285,3,15,3,15,3,15,3,15,3,15,3,15,3,15,3,15,3,18,3,18,3,18,3,18,3,18,4,19,11/30/2025 12:00:00 AM,362,369.658623043585,5a49b4b2-bfa4-40f6-aed2-73d3135b1a82
286,1,12,1,12,1,12,1,12,1,12,1,12,1,12,1,12,1,12,1,12,1,12,1,12,1,12,1,12,11/30/2025 12:00:00 AM,363,754.870234028343,5f6389ca-9242-4ef3-a998-e6b268987eb6
280,2,12,2,12,2,12,2,12,2,12,2,12,2,12,2,12,4,10,4,10,5,10,5,10,5,10,6,10,11/30/2025 12:00:00 AM,364,621.211015878229,9889745a-f518-4638-a924-c9dc343b3d86
283,2,12,2,12,2,12,2,12,2,12,2,12,2,12,2,12,2,12,2,12,2,12,2,12,2,12,2,12,11/30/2025 12:00:00 AM,365,755.927392107008,3ccecd40-0928-41eb-84d8-f3b1921f5c9a
281,1,12,1,12,1,12,1,12,1,12,1,12,1,12,1,12,1,12,1,12,1,12,1,12,1,12,1,12,11/30/2025 12:00:00 AM,366,1001.50644847271,e7f75a7a-f21a-4ebb-8f0d-976009968be7
284,2,10,2,10,2,10,2,10,2,10,2,10,2,10,1,12,1,12,1,10,2,10,1,14,1,14,1,16,11/30/2025 12:00:00 AM,367,3103.60697413833,354a2398-2383-4725-bb6b-ef83152c1c28
279,2,12,2,12,2,12,2,12,2,12,3,10,3,10,3,10,4,10,4,10,5,10,5,10,5,10,6,10,11/30/2025 12:00:00 AM,368,1845.99898236436,1fc778f8-ff78-425f-bb55-5cc7145f7579
300,0,0,0,0,0,0,0,0,0,0,7,5,7,5,7,5,8,8,8,8,7,10,7,10,7,10,8,10,11/30/2025 12:00:00 AM,369,1708.88938625679,4372c19a-8de3-4306-948b-fc5dd0dac736
293,6,9,6,9,6,9,6,9,6,9,6,7,6,7,6,7,6,7,6,7,7,9,7,9,7,9,7,9,11/30/2025 12:00:00 AM,370,656.055993876716,e45449de-de08-4cce-a79c-7f7704b9e838
296,4,6,4,6,4,6,4,6,4,6,4,9,4,9,4,9,4,9,4,9,5,8,5,8,5,8,5,8,11/30/2025 12:00:00 AM,371,1030.71266278805,5dea62e5-9250-4fc8-acc2-1e684ebd121d
297,1,4,1,4,1,4,1,4,1,4,1,4,1,4,1,4,1,4,1,4,1,4,1,4,1,4,1,4,11/30/2025 12:00:00 AM,372,1190.91041324444,f4d9d395-697b-4913-8173-4345869a77a8
294,4,6,4,6,4,6,4,6,4,6,4,6,4,6,5,11,5,11,5,11,5,10,5,10,5,10,5,10,11/30/2025 12:00:00 AM,373,167.24778058671,68c2a930-1c20-4b55-9980-3693cd701375
292,6,10,6,10,6,10,6,10,6,10,6,10,8,10,9,10,9,10,9,10,10,10,10,10,10,10,10,10,11/30/2025 12:00:00 AM,374,966.750277844455,aefe0fee-6a5b-464d-98d1-9d0815e3f5c5
301,4,8,4,8,4,8,4,8,4,8,4,8,4,8,4,8,4,8,4,8,2,7,2,7,2,7,2,7,11/30/2025 12:00:00 AM,375,269.529096530801,c11eb5eb-c12b-46e2-9f83-5c8842eba533
298,10,7,10,7,10,7,10,7,11,7,10,5,10,5,10,5,10,5,10,5,11,7,11,7,11,7,11,7,11/30/2025 12:00:00 AM,376,778.739626202501,2c9c0b84-c512-4c6d-ba2e-e7a53dbf4eab
290,6,11,6,11,6,11,6,11,6,11,6,11,9,10,9,10,9,10,9,10,9,10,9,10,9,10,9,10,11/30/2025 12:00:00 AM,377,1058.12397244238,0911b9b6-4d3f-4911-a13c-c4686eb0c293
277,11,11,11,11,11,11,11,11,11,11,12,11,14,8,15,8,15,8,15,8,16,9,16,9,17,12,17,11,11/30/2025 12:00:00 AM,378,2591.83252565881,b5ce7806-c912-482d-b53c-39a249ae6b74
288,14,6,13,7,13,7,12,7,13,7,13,7,13,7,13,7,13,7,13,7,13,7,14,7,14,7,14,7,11/30/2025 12:00:00 AM,379,1996.33489287023,a6dda483-1efa-455c-9c1c-acab76d1c534
291,6,9,6,9,6,9,6,9,6,9,6,9,8,10,8,10,8,10,8,10,8,10,8,10,8,10,8,10,11/30/2025 12:00:00 AM,380,470.702456084687,cf2358c8-dcdc-46da-bead-91ff1765a271
289,9,10,9,10,9,10,9,10,9,10,9,10,15,10,16,11,16,11,16,11,16,11,14,9,14,9,15,10,11/30/2025 12:00:00 AM,381,423.43212605736,9eff1aac-fb04-4f69-878f-529f3f41ad32
302,2,11,2,11,2,11,2,11,2,11,2,11,3,10,4,8,4,5,4,5,4,5,3,9,3,9,4,8,11/30/2025 12:00:00 AM,382,682.80609755535,42d4405f-a7a2-4093-95b5-045f53d82cda
287,10,9,10,9,10,9,10,9,10,9,11,9,15,9,16,11,16,11,16,11,16,11,15,9,15,9,15,9,11/30/2025 12:00:00 AM,383,1315.99570671603,05994e5a-c5da-480b-b10f-7ad84536a10c
295,2,7,2,8,2,8,2,8,2,8,3,9,3,9,4,9,4,9,4,10,4,10,4,7,4,7,4,10,11/30/2025 12:00:00 AM,384,11412.736752119,514d5fca-e658-4355-a382-f9aa061eeb29
276,8,10,7,10,6,9,6,7,6,7,7,10,7,10,7,10,7,10,7,12,8,11,8,12,8,12,8,12,11/30/2025 12:00:00 AM,385,652.821464550705,e4bf29bc-77b4-40ad-9558-0e15505afc36
275,9,8,8,8,8,8,8,8,8,8,8,8,8,8,8,8,8,8,8,8,9,10,9,10,9,10,10,10,11/30/2025 12:00:00 AM,386,1983.64878855028,04e7eda4-3f0b-4496-9dee-c50558cb985e
272,12,7,12,7,12,7,11,7,12,7,12,7,13,7,14,7,14,7,14,7,14,7,14,7,14,7,14,7,11/30/2025 12:00:00 AM,387,975.57004758853,374e103e-e155-49e8-91e9-283a2ce403a9
270,23,6,23,6,24,6,24,6,25,5,26,5,26,8,27,8,27,8,27,8,27,8,27,8,27,8,27,8,11/30/2025 12:00:00 AM,388,808.840273541923,699ca690-fee2-4223-94fb-db835891dd10
269,10,7,12,7,12,7,12,7,12,7,12,7,12,7,13,7,13,7,13,7,13,7,13,7,13,7,13,7,11/30/2025 12:00:00 AM,389,84.1664200199148,32e65e9b-e01b-4d99-a7a6-f9540371e977
271,5,7,6,7,6,7,5,7,5,7,5,7,4,6,5,6,5,6,5,6,5,6,5,6,5,10,5,10,11/30/2025 12:00:00 AM,390,242.297320248072,f89bd741-1426-4b81-8053-490695448128
268,5,7,6,7,6,7,5,7,5,7,5,7,4,6,5,6,5,6,6,7,6,7,6,7,5,10,5,10,11/30/2025 12:00:00 AM,391,1474.37195591047,a56d4cdd-c16b-4bb7-9ef5-b157aada11f1
266,22,6,22,6,22,6,22,6,23,5,25,5,26,5,26,5,26,5,26,5,26,5,26,5,27,5,27,5,11/30/2025 12:00:00 AM,392,1823.98782055751,7a848b68-ac9d-4480-9aae-e0cbbfbb00c3
265,4,8,4,8,4,8,4,8,4,8,4,8,5,7,5,7,5,7,5,7,5,7,5,7,5,10,5,10,11/30/2025 12:00:00 AM,393,95.3685679267188,4a105dc9-1b3e-4bc1-a4cb-59078f32cd6b
267,8,6,9,6,9,6,8,6,8,6,8,6,7,6,7,6,7,6,7,6,7,6,7,6,8,9,8,9,11/30/2025 12:00:00 AM,394,714.952574783395,c902ca80-2ac8-426e-a6ef-7613a488673b
273,3,8,3,8,3,8,3,8,3,8,3,8,3,8,3,8,3,9,3,9,3,9,3,9,3,9,3,9,11/30/2025 12:00:00 AM,395,1433.68268618258,bff956ce-e0b1-4fe4-a59c-a55960c7466b
235,22,5,22,5,22,5,21,6,23,5,24,5,25,5,25,5,25,5,25,5,25,5,25,5,26,5,26,5,11/30/2025 12:00:00 AM,396,2026.00408284982,6053e84c-1349-4050-94a4-e444c531969a
274,8,6,12,7,12,7,10,7,10,7,10,7,10,6,10,6,10,10,10,10,10,10,10,10,11,10,11,10,11/30/2025 12:00:00 AM,397,1095.29190093434,38f2e2f1-dfd9-4416-9406-4a28b2e1fef6
264,9,8,10,10,10,10,8,8,9,8,9,8,9,8,9,10,9,10,9,10,9,10,9,10,9,10,9,10,11/30/2025 12:00:00 AM,398,992.065965656492,31158af0-62de-4447-a787-b428987481ac
234,7,7,7,9,7,9,6,8,8,8,9,8,9,8,9,8,10,7,10,7,10,7,10,7,10,7,10,7,11/30/2025 12:00:00 AM,399,441.020669608958,e58e3371-5b53-4001-9355-43dcc99cb8ae
262,10,7,10,9,10,9,8,8,9,8,10,9,10,9,10,9,12,8,12,8,12,8,12,8,12,8,12,8,11/30/2025 12:00:00 AM,400,662.880359593375,8437f76c-2de4-46e9-895f-796f6e222531
263,5,10,5,10,4,9,4,9,4,9,4,11,4,11,4,11,4,11,4,11,4,11,4,11,4,11,4,11,11/30/2025 12:00:00 AM,401,1115.5741613826,cda88302-261d-4c0e-937a-4ab4525306d3
152,7,8,8,9,8,9,7,8,8,8,10,9,11,9,11,9,10,5,10,5,10,5,10,5,11,9,12,9,11/30/2025 12:00:00 AM,402,1619.80825447807,eb403ad5-521a-4eb0-8464-a745344f3d15
151,1,2,1,2,1,2,1,2,1,2,1,2,1,2,1,2,1,2,1,2,1,2,1,2,1,2,1,2,11/30/2025 12:00:00 AM,403,200.089417965707,7e8b2f02-5af9-4035-8a46-07014467e85a
233,23,7,22,7,22,7,21,7,27,6,29,7,30,7,30,7,31,7,31,7,31,7,31,7,31,7,31,7,11/30/2025 12:00:00 AM,404,1123.49601387244,c1b75b1a-6d19-4b23-99cf-c86fae640500
257,13,8,16,9,16,9,11,8,11,8,11,8,10,8,11,8,12,10,12,10,12,10,12,10,12,10,12,10,11/30/2025 12:00:00 AM,405,664.895763965796,8c95ce2a-b2ec-4b1a-8812-a97ee9e87b59
250,6,5,6,5,6,5,5,12,5,12,5,12,5,12,7,9,6,12,6,12,5,12,5,12,6,10,6,10,11/30/2025 12:00:00 AM,406,499.399740761278,f26dd18e-f521-48e4-93f6-cd4434126f92
256,11,8,11,8,11,8,7,5,8,5,8,5,7,5,7,5,8,7,8,7,9,5,9,5,9,5,9,5,11/30/2025 12:00:00 AM,407,1030.03009434954,a437ce40-47ae-4677-83b2-ef79a4a61ebb
249,6,8,6,8,6,8,5,7,5,7,5,7,5,7,5,12,5,12,5,12,4,13,4,13,5,14,5,14,11/30/2025 12:00:00 AM,408,439.208694528323,469838ad-41f6-4741-9699-33224aa0d8e8
254,19,6,19,6,17,6,12,9,12,8,13,8,13,8,13,8,13,8,13,8,13,7,13,7,13,7,12,10,11/30/2025 12:00:00 AM,409,740.482373466667,33922da0-28ab-4f4f-b3c6-915cb89f7547
253,20,6,20,6,17,6,12,10,12,10,12,8,12,8,12,8,12,8,12,8,12,8,12,8,12,12,12,12,11/30/2025 12:00:00 AM,410,370.998250378462,78100560-0176-4938-9c13-1b27cba3de51
258,7,7,7,7,6,7,4,5,4,5,5,5,5,5,5,5,5,5,5,5,5,5,5,5,5,5,5,10,11/30/2025 12:00:00 AM,411,287.318734510122,ff4549ae-2531-44f5-9352-7fb46f5bdd64
244,0,0,0,0,0,0,6,5,6,5,7,4,7,4,7,4,8,6,8,6,7,6,7,6,7,8,7,8,11/30/2025 12:00:00 AM,412,963.289941583612,98f6c5cc-5954-4a3c-a6e1-6f39f8fddba2
238,0,0,0,0,0,0,5,5,5,5,6,4,6,4,6,4,6,7,6,7,6,7,6,7,6,8,6,8,11/30/2025 12:00:00 AM,413,655.603281099507,14c978a8-b3c8-4067-ada5-1a2d4508e0e7
236,4,7,4,7,4,7,3,7,3,7,3,7,3,7,3,7,3,7,3,7,3,7,3,7,3,7,3,7,11/30/2025 12:00:00 AM,414,1351.21900633846,163f772b-927b-4d3e-a842-5d123b3be111
241,9,5,9,5,9,5,7,8,7,8,7,8,7,8,8,5,8,5,8,5,8,5,8,5,8,7,8,7,11/30/2025 12:00:00 AM,415,733.59259677747,4be8816e-0c89-42d0-bce5-b522e6d7aa43
242,0,0,0,0,0,0,50,11,52,11,58,9,60,9,59,9,64,11,65,11,64,11,65,10,64,10,64,10,11/30/2025 12:00:00 AM,416,551.985736259633,b788fcd2-062a-41c6-8f3d-131dcd010fe0
232,34,9,35,10,35,10,43,11,45,11,48,9,49,9,48,9,51,9,52,10,51,10,52,10,52,10,52,10,11/30/2025 12:00:00 AM,417,221.686983746721,1b4c80bd-1c35-4fd3-9f40-2749ca7b10fd
243,0,0,0,0,0,0,44,11,46,11,50,9,52,9,51,9,55,10,56,11,55,11,56,10,56,10,56,10,11/30/2025 12:00:00 AM,418,1184.88858274191,f1d941d9-4fdb-4f38-b009-4bdbda9b5c6d
150,40,9,41,10,42,11,42,11,43,11,46,10,47,10,47,10,49,10,50,10,49,10,50,10,50,10,50,10,11/30/2025 12:00:00 AM,419,1384.84378916464,8ce9f189-c4bc-4d34-b641-ece4596747ee
147,40,9,41,10,42,11,42,11,43,11,46,10,47,10,47,10,49,10,50,10,49,10,50,10,50,10,50,10,11/30/2025 12:00:00 AM,420,1531.17207244389,6a5769bc-214e-4a93-979f-60874f35c18d
148,44,9,45,10,47,11,47,11,48,11,52,10,53,10,53,10,54,10,55,10,54,10,54,10,54,10,54,10,11/30/2025 12:00:00 AM,421,838.581676090066,60039eda-e2fb-4186-9ef1-9ed6dc0a2e95
157,32,11,34,12,36,12,36,12,37,12,38,11,39,11,39,11,40,11,41,10,41,10,41,10,41,10,41,10,11/30/2025 12:00:00 AM,422,2251.32935007101,fa140ac4-6531-40b5-bfa4-3e821a3c4005
145,12,5,13,6,12,6,11,5,11,5,11,5,13,5,13,5,12,5,12,5,12,5,12,5,12,5,12,5,11/30/2025 12:00:00 AM,423,1384.87587679474,3a63d53b-a8a2-467c-82f8-1d60b20592fd
102,10,8,9,8,9,8,9,8,9,8,9,8,9,7,9,6,9,6,9,6,9,6,9,6,9,6,9,6,11/30/2025 12:00:00 AM,424,1407.20851111258,fce4eeae-cce5-4384-92cf-e2cd2244a13c
156,26,11,27,11,30,11,32,11,33,10,35,10,35,10,35,10,34,10,34,10,33,10,32,10,32,10,32,10,11/30/2025 12:00:00 AM,425,2030.1254901339,f5c5676a-11c8-4528-8543-900d8cddccdd
103,5,7,5,7,5,7,5,7,5,7,5,7,5,7,6,9,6,9,6,9,5,14,5,14,5,14,5,14,11/30/2025 12:00:00 AM,426,1329.05853410368,4ca42952-e282-4f59-93ba-d13cfccd774a
94,6,12,6,12,6,12,6,12,6,12,6,12,7,10,6,10,6,10,6,10,6,10,6,10,6,10,6,10,11/30/2025 12:00:00 AM,427,1044.61941516232,b437ca0b-36b9-46e5-85ff-125edde7b88a
96,7,9,7,9,7,10,6,10,6,10,6,10,6,10,6,10,6,10,6,10,6,10,6,10,6,11,6,11,11/30/2025 12:00:00 AM,428,860.021029168147,dd1a4944-f3e4-4430-8566-751009b9a258
93,24,7,24,7,24,7,22,7,22,7,22,7,23,7,23,7,23,7,23,7,23,7,23,7,23,7,23,7,11/30/2025 12:00:00 AM,429,372.119973979614,e653129b-4db1-44a4-ac15-b54deacaa893
101,26,10,27,11,26,11,25,11,26,11,27,11,26,11,25,13,25,13,25,13,24,13,23,13,23,13,23,13,11/30/2025 12:00:00 AM,430,1407.85676441121,abf926df-9571-4acc-a92b-fdaeca5d463f
98,22,7,20,7,20,7,19,7,20,7,20,7,20,7,20,7,20,7,20,7,20,7,20,7,19,7,19,7,11/30/2025 12:00:00 AM,431,386.962961887035,d5352c42-9d05-405a-83ee-8b8a6bf80030
95,23,8,22,8,22,8,21,8,22,8,22,8,22,7,23,7,23,7,23,7,22,7,22,7,21,7,20,7,11/30/2025 12:00:00 AM,432,149.411875437435,a89457fb-9fb7-4902-8a31-3f9c94793c4d
97,5,5,4,6,4,6,4,6,4,6,4,6,4,6,4,7,4,7,4,7,4,7,4,7,4,7,4,9,11/30/2025 12:00:00 AM,433,436.869604119879,b1d700b0-966f-41cb-82e2-83967a7b4d4c
221,4,5,2,5,2,5,2,5,2,5,2,5,3,5,3,5,3,5,3,5,3,5,3,5,3,5,3,5,11/30/2025 12:00:00 AM,434,1433.12296005129,8d992b10-2699-4236-ad7d-13bcfaf33655
220,3,10,3,9,3,9,3,9,3,9,3,9,3,9,3,9,2,12,2,12,2,12,2,12,2,12,2,12,11/30/2025 12:00:00 AM,435,1811.10032517655,f137ffb5-41fa-4431-a5fb-9050dc04e16c
219,2,5,2,5,2,5,2,5,2,5,2,5,2,5,2,5,2,5,2,5,2,5,2,5,2,5,2,5,11/30/2025 12:00:00 AM,436,2009.9625334547,88dd3704-0c5a-402b-81ec-e074ecaac20a
64,11,8,11,8,10,7,10,6,10,6,10,6,11,7,11,7,11,7,11,7,11,7,11,7,11,7,10,10,11/30/2025 12:00:00 AM,437,1002.75684169778,883e60a5-378a-488d-be5a-706ed6a6699f
63,21,7,20,7,19,7,18,6,18,6,19,6,20,5,21,6,21,6,21,6,20,6,20,6,20,6,19,10,11/30/2025 12:00:00 AM,438,1024.54803143246,0d3b360d-a91d-4a00-9a8b-a2a1604df3b7
92,6,3,6,3,6,3,4,4,4,4,4,4,6,3,6,5,6,5,6,5,5,5,5,5,5,5,5,5,11/30/2025 12:00:00 AM,439,145.191434279399,490d4c10-16e5-4652-890b-2bac26b11aa8
108,10,4,10,4,10,4,8,4,8,4,8,4,8,4,9,5,7,4,7,4,6,4,6,4,6,4,6,4,11/30/2025 12:00:00 AM,440,364.75474008928,1434a331-4a96-4775-887d-5d480a07689e
107,5,5,5,5,5,5,4,5,4,5,5,8,5,6,5,7,5,7,5,8,4,8,5,8,5,8,5,8,11/30/2025 12:00:00 AM,441,613.8550036855,67736a67-4e75-4474-a9c3-b8cb526a4daa
110,5,4,4,4,4,4,3,4,3,4,3,4,4,9,4,10,4,10,3,15,3,15,3,14,3,14,4,12,11/30/2025 12:00:00 AM,442,368.079242900933,6a50f64a-d356-4c1a-bdff-fdbeefd074d3
111,13,4,13,4,12,4,12,4,12,4,12,4,12,5,12,7,12,7,12,7,11,6,12,6,12,6,13,7,11/30/2025 12:00:00 AM,443,715.54522674716,ba6c9474-0a2b-416b-a325-184724201e12
113,15,8,15,9,14,10,14,10,14,10,15,8,15,8,15,9,15,9,15,10,15,10,15,8,15,8,16,10,11/30/2025 12:00:00 AM,444,1102.30224515254,86851f6c-8c98-41b6-abf6-a51d4a5237a2
109,12,7,11,8,11,8,11,8,11,8,10,6,10,6,10,6,10,6,10,6,9,6,10,4,10,4,10,8,11/30/2025 12:00:00 AM,445,1230.94547177852,8a782d97-bc8d-4139-a2db-61d8d5f92819
112,14,10,13,11,13,11,13,10,13,11,13,9,13,9,14,11,14,11,13,10,11,11,12,9,12,9,14,11,11/30/2025 12:00:00 AM,446,399.816709568717,bdd2be74-d2e3-4233-a2e7-196dda1d7fa2
130,17,6,17,6,17,6,15,9,15,10,16,10,16,10,18,11,18,11,17,11,16,10,16,10,16,10,16,12,11/30/2025 12:00:00 AM,447,962.003610507421,0090114a-119b-4577-905e-ade4698ff992
129,24,11,24,11,24,11,23,10,23,11,24,11,24,11,26,11,26,11,25,11,23,11,23,9,23,9,24,10,11/30/2025 12:00:00 AM,448,171.728447637229,b2c2278b-1e94-40e5-bbde-ad5e3c90a825
134,41,10,41,10,41,10,41,10,42,9,42,9,42,9,43,10,43,10,43,10,40,10,36,12,33,13,32,13,11/30/2025 12:00:00 AM,449,848.948451557941,57853e7f-61e6-49ae-8063-82bd8bf72c91
117,51,9,51,9,51,9,51,9,51,9,52,9,51,10,50,12,50,12,50,12,48,11,46,11,44,11,44,11,11/30/2025 12:00:00 AM,450,415.957244006507,886f070e-bc20-4a25-95e5-fae98d23d254
115,37,11,36,11,37,11,37,11,37,11,38,10,38,10,36,12,36,12,36,12,35,11,34,11,35,11,35,11,11/30/2025 12:00:00 AM,451,284.980742829699,63beedc0-bc95-4969-ba34-691218c25979
99,28,12,28,12,28,11,28,11,28,11,28,11,27,11,28,12,28,12,28,12,27,12,26,12,26,12,26,12,11/30/2025 12:00:00 AM,452,946.285746822431,e75acebd-5c30-4055-96fd-2213cec0ecd6
126,41,5,40,6,40,6,40,6,40,6,38,6,37,6,39,7,39,7,38,8,32,10,36,8,36,8,38,8,11/30/2025 12:00:00 AM,453,375.820058201179,665c83cb-5b6e-4d50-8e90-edc0d29a844e
114,11,5,11,5,11,5,11,5,11,5,11,8,10,10,10,10,10,10,11,15,10,14,10,13,10,13,6,15,11/30/2025 12:00:00 AM,454,591.779777090121,d013b742-6e8d-4f17-8abe-6d58032cdeeb
124,12,4,12,4,12,4,12,4,12,4,12,4,12,4,10,12,10,12,10,12,10,12,10,12,10,12,7,13,11/30/2025 12:00:00 AM,455,261.330439400301,3861cb6a-1c44-4802-a610-abd6b1f8012f
60,17,5,17,5,16,5,16,5,16,5,15,6,15,5,15,6,15,6,16,6,15,7,17,9,17,9,17,9,11/30/2025 12:00:00 AM,456,704.933609916721,552ff5d8-88c1-4d8a-af48-6f808e199011
48,20,5,20,5,17,6,16,5,16,5,16,5,16,5,16,5,16,5,16,5,15,6,19,5,19,5,19,5,11/30/2025 12:00:00 AM,457,205.19436179356,743ee52f-6724-458c-9e28-c6d5c0725538
47,5,6,4,5,4,5,4,5,4,5,4,5,4,5,4,4,4,4,4,5,3,7,3,7,3,7,3,7,11/30/2025 12:00:00 AM,458,346.451752245273,f4e98dfb-3035-429a-9acb-933e4259ff9d
46,6,4,6,4,6,4,6,4,6,4,6,4,6,4,6,6,6,6,5,5,5,5,6,5,6,5,6,5,11/30/2025 12:00:00 AM,459,376.619349651133,67998b2b-ce02-4cba-94e5-972909523fab
45,9,7,9,7,10,6,10,6,10,6,10,6,9,7,9,7,9,7,9,7,9,5,9,5,9,5,9,8,11/30/2025 12:00:00 AM,460,894.212391499586,d6bd0b82-cffb-41c4-854d-855fb7e7d485
50,27,6,26,6,24,6,23,5,23,5,23,5,24,7,25,7,25,7,25,7,24,5,24,5,24,5,22,9,11/30/2025 12:00:00 AM,461,199.070383868537,2231413b-b3ff-425c-a3e5-72bca493ef62
28,20,5,20,5,19,6,18,6,18,6,18,5,17,3,17,6,17,6,16,6,15,6,17,6,17,6,18,8,11/30/2025 12:00:00 AM,462,271.645674943996,5ee08662-d567-4ab1-85a1-9964373560ed
26,24,4,24,4,23,4,22,6,21,6,21,5,20,4,20,5,20,5,19,8,18,6,21,6,21,6,22,7,11/30/2025 12:00:00 AM,463,315.067585130898,9c8411c3-7495-401e-bebb-cc25b62e8d52
27,4,5,3,8,3,8,3,8,3,8,3,8,3,8,3,9,3,9,3,12,2,10,3,7,3,7,3,10,11/30/2025 12:00:00 AM,464,281.82266165251,1fb5fd76-c89f-4c08-a826-27e54eba5564
62,3,8,3,8,2,8,3,8,3,8,3,8,3,8,3,8,2,8,2,8,2,10,3,12,3,12,3,12,11/30/2025 12:00:00 AM,465,444.504834859241,432f0b50-878d-4121-bf99-0363c7466948
61,6,5,4,5,5,5,4,10,4,10,4,10,4,11,4,11,4,11,4,11,4,11,4,11,4,11,4,11,11/30/2025 12:00:00 AM,466,213.337691530189,ae0e7ba8-bfad-4828-9802-bbd036a11a44
65,3,4,3,4,3,4,2,10,2,10,3,10,3,12,3,14,3,14,2,14,2,14,3,14,3,14,3,14,11/30/2025 12:00:00 AM,467,246.041674126462,17a4d455-9bd9-4847-b9bf-0632ea321680
31,6,5,5,5,6,5,4,7,4,7,4,7,5,4,5,7,5,7,4,8,4,9,5,7,5,7,5,6,11/30/2025 12:00:00 AM,468,221.080163815783,185a50f3-b47c-49ea-953d-d7c40fb02cb3
30,31,5,31,5,29,5,27,5,27,5,26,4,25,3,25,5,25,5,24,6,23,7,26,6,26,6,27,5,11/30/2025 12:00:00 AM,469,264.439823285817,b630c547-b479-4364-b08e-43898837b10f
67,34,5,34,5,32,5,32,5,32,5,31,5,31,5,31,6,31,6,30,6,30,6,31,6,31,6,31,7,11/30/2025 12:00:00 AM,470,521.023501223714,947df015-2a7f-4721-ab89-a273b73938eb
66,17,7,17,7,17,7,16,7,16,7,15,6,14,9,13,10,13,10,13,9,13,9,14,9,14,9,14,9,11/30/2025 12:00:00 AM,471,523.041182781144,89f103f7-7c77-4d9a-8b97-70647bd05a58
78,13,6,14,6,14,6,13,6,13,6,13,6,14,6,14,6,14,6,14,6,12,7,12,7,13,7,12,6,11/30/2025 12:00:00 AM,472,462.736927244639,0228c6c4-1b63-4736-a2ce-4e5e1a6ecdbd
71,18,5,18,5,17,5,17,5,17,5,17,5,18,6,17,8,17,8,16,8,16,7,16,7,16,7,15,8,11/30/2025 12:00:00 AM,473,131.993567626668,d5c7d83e-2e69-4821-9292-83352efa2a9d
68,44,5,44,5,42,5,42,5,43,5,42,5,42,5,45,6,45,6,44,6,42,6,42,6,42,6,42,8,11/30/2025 12:00:00 AM,474,403.273387308383,73de2792-9e5e-4c3d-a9db-b3cf4eefcd80
69,53,5,53,5,53,5,53,5,52,5,50,5,48,4,50,6,50,6,49,7,47,7,46,7,46,7,46,6,11/30/2025 12:00:00 AM,475,789.928082974746,4340e61c-1536-482e-ae80-2e1abad5178e
416,3,6,3,6,3,6,3,6,3,6,3,6,3,6,3,6,3,6,3,6,3,3,3,3,3,3,3,3,11/30/2025 12:00:00 AM,476,826.745268105016,b71b2d4e-9179-4f22-b867-5bf94c5b1e43
75,0,0,6,8,8,8,8,8,9,8,8,10,8,10,8,10,8,10,8,10,8,13,8,13,8,13,9,10,11/30/2025 12:00:00 AM,477,1120.20528357104,9c5539e8-5704-4eae-809f-a1e127e87537
74,3,8,5,8,4,9,4,9,5,8,5,8,5,8,5,8,5,8,5,8,5,8,5,13,5,13,5,13,11/30/2025 12:00:00 AM,478,393.461656375224,123536aa-72dd-41de-bed5-cfb217887428
70,17,8,17,9,16,9,16,8,17,8,16,8,12,4,14,6,14,6,13,9,12,9,12,8,12,8,11,8,11/30/2025 12:00:00 AM,479,120.447346495632,dd18c40e-733f-4f78-b286-adef20adbaa4
73,16,8,16,8,15,9,15,7,16,7,15,7,13,6,13,6,13,6,13,6,13,6,12,8,12,8,12,8,11/30/2025 12:00:00 AM,480,873.026829572168,6e88f69e-239d-4384-8e19-75a3713ed0cd
86,18,4,18,4,18,4,18,4,18,4,17,5,16,5,16,5,16,5,16,5,16,5,16,5,16,10,16,10,11/30/2025 12:00:00 AM,481,284.516575924597,2eef95ba-ece4-460a-bc42-91377bce5c89
72,16,10,16,10,15,10,15,7,16,7,15,7,13,6,14,7,14,7,14,7,14,7,14,7,14,7,14,7,11/30/2025 12:00:00 AM,482,491.387875090768,f3e6966a-7304-436e-b35d-1e7978f67e43
88,7,3,7,3,7,3,6,3,6,3,6,3,6,5,6,5,6,5,6,5,6,5,6,5,5,5,5,5,11/30/2025 12:00:00 AM,483,1288.61131954953,a4681619-34f0-4c02-b907-08be1ca5ccd9
87,5,3,5,3,5,3,5,3,5,5,6,5,5,5,5,5,5,5,5,5,5,5,5,5,5,10,5,10,11/30/2025 12:00:00 AM,484,1229.62101688884,24d3c65a-4005-4073-8fea-e2e91f503b5e
51,5,6,5,6,5,6,5,6,5,6,5,6,5,6,5,6,5,6,5,6,5,5,5,5,5,5,5,8,11/30/2025 12:00:00 AM,485,1742.02494575163,3f844940-a568-453d-9b8e-ff337c1557f2
218,6,4,6,4,6,4,7,5,7,5,6,5,6,5,6,5,6,5,6,5,6,5,6,5,6,5,6,6,11/30/2025 12:00:00 AM,486,751.791961831137,4618c687-6e61-438c-9b3b-8145d96ec886
223,8,4,7,4,7,4,7,4,7,4,6,4,6,4,7,6,7,6,7,6,7,6,7,6,7,6,7,6,11/30/2025 12:00:00 AM,487,741.467623751037,3442f2b4-8d18-4498-be4b-1e0b7cb8b872
49,22,6,22,6,21,6,20,5,20,5,20,5,20,5,21,5,21,5,21,5,19,6,19,6,19,6,18,9,11/30/2025 12:00:00 AM,488,355.218827844967,bdeab686-e821-4ea8-9550-2d904fb86a62
52,23,6,23,6,22,6,21,5,21,5,21,5,20,6,21,5,21,5,21,5,19,6,19,6,19,6,18,6,11/30/2025 12:00:00 AM,489,278.894936528218,734aaa29-b0d2-4a34-9f48-3e9c6e0cf25a
18,23,6,23,6,22,6,21,6,21,6,21,6,20,6,21,5,21,5,21,5,19,6,19,6,19,6,18,6,11/30/2025 12:00:00 AM,490,569.773818941053,89e64962-ea9e-443a-9251-547a4e15d117
22,3,4,3,4,3,4,3,4,3,4,3,4,3,4,3,4,3,4,3,4,3,4,3,4,3,4,3,4,11/30/2025 12:00:00 AM,491,587.930244871782,e7d9f75f-50ba-4ef8-8759-2d98ac1d6b4d
24,3,2,3,2,3,2,3,2,3,2,3,2,3,2,3,2,3,2,3,2,3,2,3,2,3,2,3,2,11/30/2025 12:00:00 AM,492,747.187157624045,fc7343ed-2e6d-49d7-9f4f-c72a48e41e33
23,13,5,13,5,12,5,12,5,12,5,13,5,12,5,12,7,12,7,11,6,10,6,11,6,11,6,12,7,11/30/2025 12:00:00 AM,493,676.720516979988,37511af8-5f3a-4377-9f97-292f99c69acc
21,12,6,12,6,12,6,11,6,11,6,12,5,11,5,11,6,11,6,11,6,10,6,11,6,11,6,12,7,11/30/2025 12:00:00 AM,494,308.350157569565,d31e755b-9468-482f-8987-67853387133c
17,12,6,12,6,12,6,11,6,12,6,12,6,11,6,11,6,11,6,11,6,10,5,11,5,11,5,12,6,11/30/2025 12:00:00 AM,495,516.927789733903,bfe17a52-46fe-4db9-a6c7-2291b99a2c57
4,6,6,6,6,6,6,5,5,5,5,5,6,5,6,5,6,5,6,5,6,4,6,4,6,4,6,4,6,11/30/2025 12:00:00 AM,496,384.702020710972,4acb57f2-e38a-489e-b2cc-5ae1cf0a3a7a
1,15,3,15,3,15,3,13,3,13,3,11,7,11,7,11,7,11,7,11,7,11,7,11,7,11,7,11,7,11/30/2025 12:00:00 AM,497,256.560503595426,e43089fe-5895-4599-aae0-8e2946345b23
16,18,6,18,6,17,6,15,6,16,6,15,8,15,8,15,8,15,8,15,8,14,6,14,6,14,6,14,6,11/30/2025 12:00:00 AM,498,335.325815171193,9e1b4e35-063b-4a62-b4f7-3290f9c33e0e
20,21,5,21,5,20,5,16,4,16,4,16,7,16,7,17,7,17,7,17,7,16,7,16,7,16,7,16,7,11/30/2025 12:00:00 AM,499,859.738343807506,88717fe9-9911-4856-8abd-1f7e24cd04b5
34,17,5,17,5,17,5,18,5,18,5,17,4,17,4,17,4,17,4,17,4,17,6,16,6,18,8,18,8,11/30/2025 12:00:00 AM,500,334.989864800927,f317be3d-a119-4aec-87fc-e200b10041c4
43,4,2,4,2,4,2,4,2,4,5,4,5,4,5,4,5,4,5,4,5,4,5,4,5,4,7,4,7,11/30/2025 12:00:00 AM,501,753.631435726379,c6884a24-9f46-4c9b-a8cf-47444e8c386c
35,17,5,17,5,17,5,18,5,18,5,17,4,17,4,17,4,17,4,17,4,17,6,16,6,19,8,19,8,11/30/2025 12:00:00 AM,502,315.331911636345,c55a7b25-07c2-4f90-a9bf-7a7b3db10ff4
37,18,4,18,4,18,4,17,4,17,4,17,4,17,4,17,4,17,4,17,4,17,6,17,6,18,6,18,6,11/30/2025 12:00:00 AM,503,67.6848595575901,d2f21228-b6c2-48fd-a21a-5138e620f558
40,3,4,3,4,3,4,3,4,3,4,3,4,3,4,3,4,3,4,3,4,3,4,3,4,3,4,3,4,11/30/2025 12:00:00 AM,504,644.698008269883,7e21d023-2a68-471b-b367-e15dc1292feb
41,18,4,18,4,18,4,17,4,17,4,17,4,17,4,17,4,17,4,17,4,17,6,17,6,18,6,18,6,11/30/2025 12:00:00 AM,505,141.255772013901,2f1a23a5-5239-47ba-99ad-18d594cab7c9
42,3,4,3,4,3,4,3,4,3,4,3,4,3,4,3,4,3,4,3,4,3,4,2,7,2,7,2,7,11/30/2025 12:00:00 AM,506,585.470264919237,3c8aecd9-a24a-4334-affb-a8bd5138d20d
29,19,5,19,4,19,4,17,4,17,4,17,4,17,3,17,6,17,6,17,7,17,7,18,6,18,6,18,6,11/30/2025 12:00:00 AM,507,483.26176683468,d7e66d67-b1d6-4b17-944d-2a5ddf896d8f
25,16,4,16,4,15,4,13,5,13,5,13,5,12,4,12,5,12,5,11,8,11,8,12,5,12,5,12,7,11/30/2025 12:00:00 AM,508,440.355273039623,3e4721c8-8db8-4336-9fb6-af792ed47f66
39,16,5,16,5,15,5,12,5,12,5,12,5,11,5,11,5,11,5,11,5,11,5,11,7,11,7,11,7,11/30/2025 12:00:00 AM,509,114.106965557311,bd4e5111-e828-4e4a-8bb9-5ea4b63d1287
38,15,4,15,4,14,4,12,4,12,4,12,4,11,5,11,5,11,5,11,5,11,5,11,5,11,5,11,5,11/30/2025 12:00:00 AM,510,454.498118696914,2b6c515d-0f72-4000-88a1-a6912a07b5b1
19,15,4,15,4,14,4,12,4,12,4,12,7,11,6,11,6,11,6,11,6,11,6,11,6,11,6,11,6,11/30/2025 12:00:00 AM,511,418.366902219314,e358f95e-8664-44d3-a344-9a8601f7f00c
36,5,4,5,4,5,4,5,4,5,4,5,4,5,4,5,4,6,5,6,5,6,5,6,5,6,5,6,5,11/30/2025 12:00:00 AM,512,793.852991361249,85202ed4-00c9-4ffb-b9ab-38b222551226
33,27,5,27,5,25,5,21,4,21,4,22,4,22,4,23,5,23,5,23,5,22,5,22,5,22,5,22,5,11/30/2025 12:00:00 AM,513,184.618937624806,7addc357-888b-452e-84fd-3f4ad5901c22
304,27,5,27,5,25,5,18,4,17,4,19,5,19,5,22,6,22,6,22,6,21,6,21,6,21,6,21,6,11/30/2025 12:00:00 AM,514,396.386392646512,c7919901-de4e-4a25-b2de-d78063f25589
239,12,4,12,4,12,4,9,8,9,8,9,8,9,8,10,6,10,6,10,6,10,6,10,6,10,6,10,6,11/30/2025 12:00:00 AM,515,874.699641391435,2c6d5c23-3f55-4a0d-8873-3da66afe4044
224,13,5,13,5,12,5,10,5,10,5,10,5,10,5,10,5,10,5,10,5,10,5,10,5,10,5,10,5,11/30/2025 12:00:00 AM,516,447.490847423559,fd050b75-8aa8-4b6c-bbe3-809efda25586
222,9,5,9,5,10,5,9,5,9,5,9,7,9,7,9,7,9,7,9,7,9,7,9,7,9,7,9,7,11/30/2025 12:00:00 AM,517,225.710372664454,c9ff18c1-268a-4387-9cef-3ee3937f29bf
227,14,5,14,5,14,5,12,5,11,5,9,7,9,7,10,7,10,7,10,7,9,8,9,8,9,8,9,8,11/30/2025 12:00:00 AM,518,243.3794503839,8ce9ba60-b976-4519-9a89-574fa4be8ebd
237,6,3,6,3,6,3,7,4,7,4,6,7,6,7,6,7,6,7,6,7,6,7,6,7,6,7,6,7,11/30/2025 12:00:00 AM,519,686.561174325827,9d087f57-578c-4501-9111-17b192180233
13,16,6,16,6,15,5,16,5,17,5,17,5,17,5,18,6,18,6,18,6,16,5,16,5,16,5,17,4,11/30/2025 12:00:00 AM,520,555.788119041667,c1f4e084-9ae3-441f-b087-c87504ba08d0
5,17,6,17,6,16,5,17,5,17,5,16,5,16,5,17,6,17,6,17,6,16,5,16,5,16,5,17,4,11/30/2025 12:00:00 AM,521,448.345357849344,b6a19638-91dc-4b7b-99c4-6bf020c9e7ce
6,13,5,14,5,13,5,11,5,11,5,10,5,10,5,10,6,10,6,10,6,10,6,10,6,10,6,10,6,11/30/2025 12:00:00 AM,522,302.826324262592,fad09186-9efc-446d-8856-a4b9a9045aa4
7,7,5,7,5,7,5,10,5,11,5,10,5,10,5,11,5,11,5,11,5,11,5,11,5,11,5,11,6,11/30/2025 12:00:00 AM,523,186.09921874938,3fd3dd4e-5641-4be1-9010-527398545e57
8,7,5,8,5,8,5,12,5,14,5,14,5,14,5,14,5,15,5,15,5,14,7,14,7,14,7,14,7,11/30/2025 12:00:00 AM,524,459.613238732428,54c44982-a60a-4bf8-a959-7504029f2885
10,3,3,3,3,3,3,3,3,3,3,3,3,3,3,3,3,3,3,3,3,3,3,3,3,3,3,3,3,11/30/2025 12:00:00 AM,525,392.163273352134,e35457f8-c1ff-4542-a964-a299b2fa9676
2,14,4,14,4,14,4,12,4,13,4,11,5,11,5,11,5,11,5,11,5,11,7,11,7,11,7,11,7,11/30/2025 12:00:00 AM,526,288.153241147492,475b2f12-7243-4470-8889-39ea11690d34
9,5,3,5,3,5,3,7,3,7,3,7,5,7,5,7,5,7,5,7,5,7,8,7,8,7,8,7,8,11/30/2025 12:00:00 AM,527,335.126787249546,82f07858-b617-45ba-9656-88d26626d6bc
12,13,5,13,5,13,5,12,5,13,5,13,5,12,5,12,5,12,5,12,5,11,7,11,7,11,7,11,7,11/30/2025 12:00:00 AM,528,446.729226449142,f902d24c-eca2-4b64-a8e4-371618e880a1
226,12,4,12,4,12,4,7,4,7,4,7,4,7,4,7,4,7,4,7,4,6,6,6,6,6,6,6,6,11/30/2025 12:00:00 AM,529,317.265531546124,3d56234a-b14a-48da-aec5-ef255e29034a
229,10,5,10,5,10,5,8,5,9,5,7,5,7,5,7,5,7,5,7,5,7,8,7,8,7,8,7,8,11/30/2025 12:00:00 AM,530,591.153247966253,298ff4ed-57db-4512-b7bd-86a0034952e7
32,17,5,17,5,17,5,17,5,17,5,16,5,16,5,16,5,16,5,16,5,16,5,15,5,15,5,15,5,11/30/2025 12:00:00 AM,531,490.790111724773,6aae79d1-631b-4f3a-9d4c-4a3b78eff6a0
44,17,5,17,5,17,5,16,5,16,5,15,5,15,5,15,5,15,5,15,5,15,5,14,8,14,8,14,8,11/30/2025 12:00:00 AM,532,464.770983748512,e110eb4b-e7ec-4abc-a692-01eabd7bce92
314,17,6,18,6,17,6,16,6,16,6,15,5,15,5,15,5,14,5,14,5,14,5,13,8,13,8,13,6,11/30/2025 12:00:00 AM,533,456.163939467026,2918f85c-47a6-4570-9352-df0a2323310a
315,14,5,14,5,14,5,11,5,11,5,10,5,9,5,9,5,9,5,9,5,10,10,11,9,11,9,10,7,11/30/2025 12:00:00 AM,534,177.362741720309,321a9946-319c-41cf-8feb-55d0f256fba5
318,12,6,12,6,12,6,10,5,10,5,10,5,9,5,9,5,9,5,9,5,10,10,10,10,10,10,10,7,11/30/2025 12:00:00 AM,535,368.38363196933,6dad25f0-73fe-45b9-98ab-144b8561ba00
303,5,5,5,5,5,5,4,6,4,6,4,6,4,6,5,6,5,6,5,6,5,10,3,10,3,10,3,10,11/30/2025 12:00:00 AM,536,1409.10012250979,096a886a-a718-46b3-b1d1-9580073f3ef7
3,7,5,7,5,7,5,5,5,5,5,5,5,5,5,5,5,5,5,5,5,5,5,5,5,5,5,5,5,11/30/2025 12:00:00 AM,537,678.152858923534,270eb559-0980-405f-9886-1dd1dced3dae
11,2,4,2,4,2,4,2,4,2,4,2,4,2,4,2,4,2,4,2,4,2,4,2,4,2,4,2,4,11/30/2025 12:00:00 AM,538,410.639068876665,aeedaf1c-6e81-4432-9b6b-31dd13966065
14,3,3,3,3,3,3,3,3,3,3,3,3,3,3,3,3,3,3,3,3,3,3,3,3,3,3,3,3,11/30/2025 12:00:00 AM,539,508.50421937895,7a69bd6e-6f36-40e8-84c1-dcaf26461bea
231,3,5,3,5,3,5,3,5,3,5,3,5,3,5,3,5,3,5,3,5,3,8,3,8,3,8,3,8,11/30/2025 12:00:00 AM,540,420.081503124938,6c702264-7ace-4e17-b09f-8f95585434e0
316,3,6,3,6,3,6,3,6,3,6,3,6,3,6,3,6,3,6,3,6,3,6,3,10,3,10,3,10,11/30/2025 12:00:00 AM,541,512.492072170976,f7dad215-4a76-4b29-8e58-f0de33310543
230,10,5,11,5,11,5,9,5,9,5,6,5,6,5,6,5,6,5,6,5,6,5,6,6,6,6,6,6,11/30/2025 12:00:00 AM,542,579.870671372677,b0fb30c4-6b1c-43cd-8417-509641e40f71
311,13,6,15,6,15,6,12,5,12,5,11,5,9,5,9,5,9,5,9,5,9,5,8,8,8,8,7,8,11/30/2025 12:00:00 AM,543,518.841972953305,37d3874e-87f8-4979-808f-de8a482a29c4
15,8,4,7,4,7,4,6,4,6,4,6,5,6,5,6,5,6,5,6,5,6,5,6,5,5,4,5,4,11/30/2025 12:00:00 AM,544,462.403971773598,1e7b1062-6328-4606-8ff4-0ed5a6fc4c6f
312,9,6,7,6,8,6,7,5,8,5,6,5,6,5,6,5,6,5,6,5,6,5,5,8,5,5,5,5,11/30/2025 12:00:00 AM,545,439.655994491266,a9a6a223-69d2-45a1-a04b-691183c7bfb1
246,0,0,0,0,0,0,6,6,6,6,6,6,6,6,6,6,6,6,6,6,6,6,7,7,7,7,7,7,11/30/2025 12:00:00 AM,546,269.81766718744,2d7486c0-1680-4fd1-9ba3-6670e6af0e65
325,4,6,4,6,4,6,5,5,5,5,4,5,4,5,4,5,4,5,4,5,4,5,5,8,5,8,5,8,11/30/2025 12:00:00 AM,547,575.632960163846,3f7a525b-07d0-4a53-a75a-2e59e44bb146
327,1,3,1,3,1,3,3,3,3,3,3,5,3,5,3,5,3,5,3,5,3,5,3,5,3,5,3,5,11/30/2025 12:00:00 AM,548,524.266490597533,ccddf5b2-be7b-4999-8b55-f8b3d7e32bdd
317,7,5,6,5,6,5,6,5,6,5,5,5,4,5,5,5,5,5,5,8,4,10,4,10,4,10,4,10,11/30/2025 12:00:00 AM,549,1775.61540683298,5fc0d7e8-2a09-4db0-ba06-f8f293b55993
225,8,5,8,5,8,5,15,6,17,5,16,4,17,5,17,5,18,7,18,7,17,6,17,6,16,5,16,5,11/30/2025 12:00:00 AM,550,917.555833640089,b1ffd58c-48a2-48f3-9eaf-acb5db15c9bb
324,11,6,11,6,10,6,7,6,7,6,7,6,6,6,7,6,7,6,7,6,7,6,8,8,7,10,7,10,11/30/2025 12:00:00 AM,551,633.279971933733,4723cc91-be1b-4d8a-8105-08de17ad63c4
228,10,5,10,5,10,5,6,6,6,6,6,5,6,5,6,5,6,5,6,5,6,5,7,7,7,7,7,7,11/30/2025 12:00:00 AM,552,848.966686567311,1b364897-97b4-47d3-a7ce-4f2de420b706
310,10,5,10,5,11,5,10,5,10,5,6,6,5,6,6,6,6,6,6,6,6,6,5,5,5,5,5,5,11/30/2025 12:00:00 AM,553,933.126421215134,5b9deeaf-8c61-4cbe-97e7-f97c73243e8a
326,8,6,8,6,8,6,8,6,8,6,5,7,5,7,5,7,5,7,5,7,5,7,5,6,5,6,5,6,11/30/2025 12:00:00 AM,554,690.033873135205,50ecff28-1021-48a4-96fd-11b77301d59d
328,17,4,17,4,17,4,15,4,17,4,15,5,14,8,14,8,13,9,13,9,13,9,13,9,13,9,13,9,11/30/2025 12:00:00 AM,555,665.186306975435,3b2ac59b-e811-40f7-abf8-95dcccc3f5a7
313,17,6,18,6,17,6,15,6,16,6,15,5,15,5,15,5,14,5,14,5,14,5,13,8,13,8,13,6,11/30/2025 12:00:00 AM,556,910.10111677829,7164dba2-55d1-46fe-993b-a196d04bf170
321,0,0,0,0,0,0,48,10,48,10,50,10,50,10,52,11,54,13,54,13,54,13,55,13,56,15,56,15,11/30/2025 12:00:00 AM,557,111.93686635081,34409d08-6990-467a-8c54-88f60b5d0ce3
247,0,0,0,0,0,0,12,11,13,11,15,10,16,10,15,10,17,13,17,13,17,13,17,13,17,15,17,15,11/30/2025 12:00:00 AM,558,2045.72199259038,820e0748-6c55-4323-ad98-562e7eff0818
248,0,0,0,0,0,0,12,11,13,11,15,10,16,10,15,10,17,13,17,13,17,13,17,13,17,15,17,15,11/30/2025 12:00:00 AM,559,2108.02789054819,d4d250bd-01c4-44fe-82e7-91711f10d898
369,36,13,40,13,41,13,43,11,44,11,45,12,46,11,48,15,48,15,47,16,47,16,49,14,50,14,51,12,11/30/2025 12:00:00 AM,560,3339.60310686064,8e6f2a1d-c49f-4865-8f9a-57080da513e6
359,40,11,42,11,43,11,44,11,45,11,46,12,47,12,52,16,51,16,51,16,51,16,53,14,54,14,55,13,11/30/2025 12:00:00 AM,561,1840.10313959458,a17a42b8-7d5f-43c6-88dc-d822a9bab2e6
360,10,9,10,9,10,9,10,9,10,9,10,9,10,9,10,9,10,10,10,10,10,10,10,10,10,10,10,10,11/30/2025 12:00:00 AM,562,284.922571906865,99c3379b-90a3-4615-b247-36fbb0534009
355,47,10,48,10,49,10,50,10,51,10,52,10,54,10,56,13,60,12,61,12,60,12,62,12,63,12,64,12,11/30/2025 12:00:00 AM,563,2854.629948128,47ff5c75-1480-434c-8a1b-96c7dc6fabb0
356,4,9,4,9,4,9,4,9,4,9,4,9,5,9,5,9,5,9,4,10,4,10,4,10,4,10,4,10,11/30/2025 12:00:00 AM,564,807.850657173997,87391c3f-61c9-4b18-96a1-cc75285e499e
58,34,10,34,10,34,10,35,10,36,12,37,11,37,11,38,11,40,14,40,14,40,14,41,14,42,14,42,14,11/30/2025 12:00:00 AM,565,1391.64077589428,2b3c63ce-f50e-4a01-a86a-88be783ff627
55,39,8,39,8,39,8,40,8,41,10,44,10,45,10,46,11,48,15,48,15,47,15,48,14,49,14,49,14,11/30/2025 12:00:00 AM,566,433.415116218622,a65a9703-1383-4b0e-aae6-75f04329a9aa
362,6,8,6,8,7,11,7,11,7,11,7,11,7,11,8,10,8,10,8,10,8,12,8,12,8,12,8,12,11/30/2025 12:00:00 AM,567,1367.21027927285,bfac714f-6af8-4c35-b495-86853fc7fa28
245,33,11,33,11,35,11,33,6,34,6,33,5,33,5,34,7,36,9,36,9,35,10,36,10,35,10,35,10,11/30/2025 12:00:00 AM,568,625.123718125239,2d830799-a24a-4056-83fa-d1d6ef934899
89,13,5,13,5,13,5,12,5,11,5,11,5,10,7,10,7,10,7,10,7,10,7,10,7,9,10,9,10,11/30/2025 12:00:00 AM,569,373.422490369184,a2c18d0b-4192-4d2e-8ad9-06d1f4bb3228
468,0,0,0,0,0,0,0,0,0,0,0,0,2,10,2,10,2,10,2,10,2,10,2,10,2,10,2,10,11/30/2025 12:00:00 AM,570,629.031933620068,524b7503-7fa0-4bb1-9023-28a9ec4df3ea
453,4,10,4,10,4,10,4,10,4,10,4,10,4,10,4,10,4,10,4,10,4,10,4,10,4,10,4,10,11/30/2025 12:00:00 AM,571,596.695549393006,a58f394b-c056-4942-90c3-2fd2d4a6323d
462,5,8,6,9,7,10,7,10,7,8,7,8,7,8,7,8,7,8,7,8,7,8,7,8,7,8,7,8,11/30/2025 12:00:00 AM,572,1134.70764412453,6e1502ae-124d-44ac-b238-2b0d798f47fb
459,9,12,9,12,9,12,9,12,9,12,10,13,10,15,12,15,12,15,12,15,12,15,13,14,13,14,13,14,11/30/2025 12:00:00 AM,573,90.3195338801951,d58a3b73-4568-4c62-b730-d8588d45d3cd
197,66,22,61,22,60,22,61,22,62,22,61,24,62,24,65,30,66,30,68,30,67,30,70,30,71,30,72,30,11/30/2025 12:00:00 AM,574,6332.90284262021,062c348b-5fe7-446e-9f8c-ede6a7a6b250
202,3,9,3,9,3,9,3,9,3,9,3,9,3,9,3,9,3,9,3,9,4,10,4,10,4,10,4,10,11/30/2025 12:00:00 AM,575,638.607400214896,e54539e4-cf74-4c5b-b2f1-cb088fd33e20
299,0,0,0,0,0,0,0,0,0,0,12,6,12,6,12,6,12,6,12,6,13,8,13,7,13,7,13,7,11/30/2025 12:00:00 AM,576,1438.83365977785,739dd588-284c-4bec-baf5-c20b4bf0b94c
255,7,8,7,8,7,8,5,7,5,7,5,7,5,7,5,12,5,12,5,12,4,13,4,13,5,14,5,14,11/30/2025 12:00:00 AM,577,317.313200971361,73f3bf08-8fb3-4e35-80af-31126d48ffd1
240,7,4,7,4,7,4,5,8,5,8,5,8,5,8,5,6,5,6,5,6,5,6,5,6,5,6,5,6,11/30/2025 12:00:00 AM,578,373.611989038643,3847959b-1b7a-4b58-b496-8896e11767e5
59,20,2,20,2,17,2,16,5,16,5,16,6,16,6,16,5,16,5,17,5,16,6,18,10,18,10,18,8,11/30/2025 12:00:00 AM,579,176.16614048522,4b30e2f3-49d6-4a1a-96b7-067115caddd7
441,18,13,18,13,18,13,18,13,18,13,18,13,18,13,18,13,18,13,18,13,18,13,18,13,25,17,25,17,11/30/2025 12:00:00 AM,580,265.109890617728,8b5e9468-95fb-4b11-9f5d-e16a77574a07
77,23,6,23,6,23,6,22,6,22,6,22,6,22,8,22,8,22,8,22,8,22,8,22,8,22,8,22,8,11/30/2025 12:00:00 AM,581,126.643608230636,548a7ad6-af86-4331-a637-4d496b4c3d37
183,9,9,9,9,9,9,9,9,9,9,9,9,9,9,9,9,9,9,9,9,9,9,9,9,9,9,9,9,11/30/2025 12:00:00 AM,582,284.029260961673,61b13ccb-2ce2-40c3-8e8b-3828290b6a12
186,8,9,8,9,8,9,8,9,7,9,7,9,8,8,8,8,9,9,9,9,9,9,10,9,9,9,11,11,11/30/2025 12:00:00 AM,583,752.304669544285,785d0a0a-266c-4175-a962-87c8f3d9c1e8
527,10,16,10,16,11,15,11,15,11,15,11,15,13,15,13,15,13,15,13,15,13,15,13,15,13,18,13,18,11/30/2025 12:00:00 AM,584,455.636521656014,2b01a005-5fad-43d4-b660-d17a5de4d92e
480,9,16,9,16,9,16,9,16,9,16,18,10,18,10,18,10,18,10,16,10,16,10,16,10,16,10,16,10,11/30/2025 12:00:00 AM,585,330.12088829839,86ee08e4-19a7-406a-a63d-87dc1973a4e1
481,20,10,20,10,20,10,20,10,20,10,21,10,22,10,23,11,23,11,23,11,24,11,25,10,25,10,25,10,11/30/2025 12:00:00 AM,586,248.782757038974,ca06d705-ac29-4734-95d6-ad9c392b6c28
486,14,10,14,10,14,10,14,10,14,10,14,10,14,10,14,10,14,10,14,12,14,12,14,12,14,12,17,15,11/30/2025 12:00:00 AM,587,543.956337650455,4f017e5a-387d-4882-a1b2-554982ac67c9
499,16,15,16,15,16,15,19,18,19,18,19,18,19,18,19,18,19,18,21,25,21,25,21,25,21,25,21,25,11/30/2025 12:00:00 AM,588,442.456542087574,02303773-3e4c-4c4c-9ffa-f3495fbee2f0
576,11,19,11,19,11,19,11,19,11,19,11,19,10,20,10,20,10,20,10,20,10,20,10,20,10,20,16,30,11/30/2025 12:00:00 AM,589,397.345569758446,1cb07909-8cf8-4602-938a-1219a35384cd
